mtllib 10_01_17_00566.mtl
o 10_01_17_00566_1
v 60.5 37.5 -11.25
v 60.61 37.5 -11.25
v 60.5 37.5 -1.75
v 60.61 37.5 -1.75
v 60.61 57.75 -13
v 60.61 39.25 -13
v 60.5 57.75 -13
v 60.5 39.25 -13
v 60.5 59.5 -1.75
v 60.61 59.5 -1.75
v 60.5 59.5 -11.25
v 60.61 59.5 -11.25
v 60.5 39.25 0
v 60.61 39.25 0
v 60.5 57.75 0
v 60.61 57.75 0
v 60.5 58.203 -12.94
v 60.5 58.625 -12.766
v 60.5 38.797 -12.94
v 60.5 38.375 -12.766
v 60.5 38.013 -12.487
v 60.5 37.734 -12.125
v 60.5 37.56 -11.703
v 60.5 37.56 -1.297
v 60.5 37.734 -0.875
v 60.5 38.013 -0.513
v 60.5 38.375 -0.234
v 60.5 38.797 -0.06
v 60.5 58.203 -0.06
v 60.5 58.625 -0.234
v 60.5 58.987 -0.513
v 60.5 59.266 -0.875
v 60.5 59.44 -1.297
v 60.5 59.44 -11.703
v 60.5 59.266 -12.125
v 60.5 58.987 -12.487
v 60.61 38.797 -12.94
v 60.61 38.375 -12.766
v 60.61 38.013 -12.487
v 60.61 37.734 -12.125
v 60.61 37.56 -11.703
v 60.61 59.44 -11.703
v 60.61 59.266 -12.125
v 60.61 58.987 -12.487
v 60.61 58.625 -12.766
v 60.61 58.203 -12.94
v 60.61 58.203 -0.06
v 60.61 58.625 -0.234
v 60.61 58.987 -0.513
v 60.61 59.266 -0.875
v 60.61 59.44 -1.297
v 60.61 37.56 -1.297
v 60.61 37.734 -0.875
v 60.61 38.013 -0.513
v 60.61 38.375 -0.234
v 60.61 38.797 -0.06
vn 0 -1 0
vn 0 0 -1
vn 0 1 0
vn 0 0 1
vn -1 0 0
vn 0 -0.259 -0.966
vn 0 -0.5 -0.866
vn 0 -0.707 -0.707
vn 0 -0.866 -0.5
vn 0 -0.966 -0.259
vn 0 0.966 -0.259
vn 0 0.866 -0.5
vn 0 0.707 -0.707
vn 0 0.5 -0.866
vn 0 0.259 -0.966
vn 0 0.259 0.966
vn 0 0.5 0.866
vn 0 0.707 0.707
vn 0 0.866 0.5
vn 0 0.966 0.259
vn 0 -0.966 0.259
vn 0 -0.866 0.5
vn 0 -0.707 0.707
vn 0 -0.5 0.866
vn 0 -0.259 0.966
vn 1 0 0
g 10_01_17_00566_1
usemtl 10_01_17_00566_color_1
f 1//1 2//1 3//1
f 3//1 2//1 4//1
f 5//2 6//2 7//2
f 7//2 6//2 8//2
f 9//3 10//3 11//3
f 11//3 10//3 12//3
f 13//4 14//4 15//4
f 15//4 14//4 16//4
f 1//5 13//5 8//5
f 8//5 13//5 15//5
f 8//5 15//5 7//5
f 7//5 15//5 11//5
f 7//5 11//5 17//5
f 17//5 11//5 18//5
f 8//5 19//5 1//5
f 1//5 19//5 20//5
f 1//5 20//5 21//5
f 21//5 22//5 1//5
f 1//5 22//5 23//5
f 1//5 3//5 13//5
f 13//5 3//5 24//5
f 13//5 24//5 25//5
f 25//5 26//5 13//5
f 13//5 26//5 27//5
f 13//5 27//5 28//5
f 29//5 30//5 15//5
f 15//5 30//5 31//5
f 15//5 31//5 32//5
f 32//5 33//5 15//5
f 15//5 33//5 9//5
f 15//5 9//5 11//5
f 34//5 35//5 11//5
f 11//5 35//5 36//5
f 11//5 36//5 18//5
f 6//2 37//6 8//2
f 8//2 37//6 19//6
f 37//6 38//7 19//6
f 19//6 38//7 20//7
f 38//7 39//8 20//7
f 20//7 39//8 21//8
f 21//8 39//8 22//9
f 22//9 39//8 40//9
f 22//9 40//9 41//10
f 22//9 41//10 23//10
f 23//10 41//10 2//1
f 23//10 2//1 1//1
f 11//3 12//3 34//11
f 34//11 12//3 42//11
f 34//11 42//11 43//12
f 34//11 43//12 35//12
f 35//12 43//12 44//13
f 35//12 44//13 36//13
f 36//13 44//13 45//14
f 36//13 45//14 18//14
f 18//14 45//14 17//15
f 45//14 46//15 17//15
f 17//15 46//15 5//2
f 17//15 5//2 7//2
f 16//4 47//16 15//4
f 15//4 47//16 29//16
f 29//16 47//16 30//17
f 30//17 47//16 48//17
f 30//17 48//17 49//18
f 30//17 49//18 31//18
f 31//18 49//18 50//19
f 31//18 50//19 32//19
f 32//19 50//19 51//20
f 32//19 51//20 33//20
f 33//20 51//20 9//3
f 51//20 10//3 9//3
f 4//1 52//21 3//1
f 3//1 52//21 24//21
f 52//21 53//22 24//21
f 24//21 53//22 25//22
f 25//22 53//22 26//23
f 26//23 53//22 54//23
f 26//23 54//23 55//24
f 26//23 55//24 27//24
f 27//24 55//24 56//25
f 27//24 56//25 28//25
f 28//25 56//25 14//4
f 28//25 14//4 13//4
usemtl 10_01_17_00566_color_2
f 56//26 55//26 14//26
f 14//26 55//26 54//26
f 14//26 54//26 53//26
f 53//26 52//26 14//26
f 14//26 52//26 4//26
f 14//26 4//26 2//26
f 41//26 40//26 2//26
f 2//26 40//26 39//26
f 2//26 39//26 38//26
f 38//26 37//26 2//26
f 2//26 37//26 6//26
f 2//26 6//26 14//26
f 14//26 6//26 5//26
f 14//26 5//26 16//26
f 16//26 5//26 12//26
f 16//26 12//26 10//26
f 5//26 46//26 12//26
f 12//26 46//26 45//26
f 12//26 45//26 44//26
f 44//26 43//26 12//26
f 12//26 43//26 42//26
f 10//26 51//26 16//26
f 16//26 51//26 50//26
f 16//26 50//26 49//26
f 49//26 48//26 16//26
f 16//26 48//26 47//26
l 3 1
l 1 2
l 4 2
l 4 3
l 7 5
l 6 5
l 6 8
l 8 7
l 9 10
l 12 10
l 12 11
l 11 9
l 13 14
l 16 14
l 16 15
l 15 13
l 8 19
l 19 20
l 20 21
l 21 22
l 22 23
l 23 1
l 3 24
l 24 25
l 25 26
l 26 27
l 27 28
l 28 13
l 15 29
l 29 30
l 30 31
l 31 32
l 32 33
l 33 9
l 11 34
l 34 35
l 35 36
l 36 18
l 18 17
l 17 7
l 2 41
l 41 40
l 40 39
l 39 38
l 38 37
l 37 6
l 5 46
l 46 45
l 45 44
l 44 43
l 43 42
l 42 12
l 10 51
l 51 50
l 50 49
l 49 48
l 48 47
l 47 16
l 14 56
l 56 55
l 55 54
l 54 53
l 53 52
l 52 4
o 10_01_17_00566_2
v -59.047 14.9 17.5
v -52.5 14.9 17.5
v -59.083 14.468 17.462
v -52.5 14.253 17.415
v -59.184 14.059 17.354
v -52.5 13.65 17.165
v -59.338 13.688 17.187
v -59.531 13.364 16.972
v -52.5 13.132 16.768
v -59.751 13.088 16.722
v -59.991 12.858 16.442
v -52.5 12.735 16.25
v -60.5 12.538 15.819
v -52.5 12.485 15.647
v -60.5 12.411 15.239
v -52.5 12.4 15
v -60.5 12.425 14.645
v -52.5 12.485 14.353
v -60.5 12.579 14.072
v -52.5 12.735 13.75
v -60.5 12.863 13.551
v -52.5 13.132 13.232
v -60.5 13.262 13.111
v -52.5 13.65 12.835
v -60.5 13.754 12.778
v -52.5 14.253 12.585
v -60.5 14.31 12.571
v -60.5 14.9 12.5
v -52.5 14.9 12.5
v -52.5 14.9 -12.5
v -52.5 14.253 -12.585
v -60.5 14.9 -12.5
v -60.5 14.31 -12.571
v -60.5 13.754 -12.778
v -52.5 13.65 -12.835
v -60.5 13.262 -13.111
v -52.5 13.132 -13.232
v -60.5 12.863 -13.551
v -52.5 12.735 -13.75
v -60.5 12.579 -14.072
v -52.5 12.485 -14.353
v -60.5 12.425 -14.645
v -52.5 12.4 -15
v -60.5 12.411 -15.239
v -52.5 12.485 -15.647
v -60.5 12.538 -15.819
v -52.5 12.735 -16.25
v -59.992 12.857 -16.441
v -52.5 13.132 -16.768
v -59.752 13.087 -16.721
v -59.531 13.364 -16.973
v -52.5 13.65 -17.165
v -59.337 13.69 -17.187
v -59.183 14.06 -17.355
v -52.5 14.253 -17.415
v -59.082 14.471 -17.463
v -52.5 14.9 -17.5
v -59.047 14.9 -17.5
v -50.5 74.9 -5.5
v -50.5 74.253 -5.585
v -60.5 74.9 -5.5
v -60.5 74.253 -5.585
v -60.5 73.65 -5.835
v -50.5 73.65 -5.835
v -50.5 73.132 -6.232
v -60.5 73.132 -6.232
v -50.5 72.735 -6.75
v -60.5 72.735 -6.75
v -50.5 72.485 -7.353
v -60.5 72.485 -7.353
v -60.5 72.4 -8
v -50.5 72.4 -8
v -50.5 72.485 -8.647
v -60.5 72.485 -8.647
v -50.5 72.735 -9.25
v -60.5 72.735 -9.25
v -60.5 73.132 -9.768
v -50.5 73.132 -9.768
v -50.5 73.65 -10.165
v -60.5 73.65 -10.165
v -50.5 74.253 -10.415
v -60.5 74.253 -10.415
v -60.5 74.9 -10.5
v -50.5 74.9 -10.5
v -50.5 74.9 10.5
v -50.5 74.253 10.415
v -60.5 74.9 10.5
v -60.5 74.253 10.415
v -60.5 73.65 10.165
v -50.5 73.65 10.165
v -50.5 73.132 9.768
v -60.5 73.132 9.768
v -50.5 72.735 9.25
v -60.5 72.735 9.25
v -50.5 72.485 8.647
v -60.5 72.485 8.647
v -60.5 72.4 8
v -50.5 72.4 8
v -50.5 72.485 7.353
v -60.5 72.485 7.353
v -50.5 72.735 6.75
v -60.5 72.735 6.75
v -60.5 73.132 6.232
v -50.5 73.132 6.232
v -50.5 73.65 5.835
v -60.5 73.65 5.835
v -50.5 74.253 5.585
v -60.5 74.253 5.585
v -60.5 74.9 5.5
v -50.5 74.9 5.5
v 55.916 19.6 -4.283
v 55.94 18.761 -4.2
v 60.5 19.6 -4.283
v 60.5 18.491 -4.137
v 56.004 17.957 -3.955
v 60.5 17.458 -3.709
v 56.099 17.218 -3.559
v 60.5 16.571 -3.029
v 56.211 16.572 -3.029
v 56.321 16.041 -2.382
v 60.5 15.891 -2.142
v 56.415 15.645 -1.644
v 60.5 15.463 -1.109
v 56.477 15.4 -0.839
v 60.5 15.317 0
v 56.5 15.317 0
v 56.477 15.4 0.839
v 60.5 15.463 1.109
v 56.415 15.645 1.644
v 60.5 15.891 2.141
v 56.321 16.041 2.382
v 60.5 16.571 3.029
v 56.211 16.572 3.029
v 56.1 17.218 3.559
v 60.5 17.458 3.709
v 56.004 17.956 3.955
v 60.5 18.491 4.137
v 55.94 18.761 4.2
v 60.5 19.6 4.283
v 55.916 19.6 4.283
v -34 75.5 -2.5
v -34 74.853 -2.415
v 51 75.5 -2.5
v 51 74.853 -2.415
v 51 74.25 -2.165
v -34 74.25 -2.165
v -34 73.732 -1.768
v 51 73.732 -1.768
v -34 73.335 -1.25
v 51 73.335 -1.25
v 8 73.209 -1
v 48.5 73.209 -1
v 48.346 73.204 -0.988
v -33.193 73.106 -0.721
v -33.076 73.138 -0.818
v -34 73.085 -0.647
v -32.947 73.166 -0.895
v -32.803 73.189 -0.953
v -32.654 73.204 -0.988
v -33.497 73.001 -0.083
v -33.477 73.009 -0.214
v -34 73 0
v -33.44 73.023 -0.34
v -33.378 73.046 -0.48
v -33.295 73.075 -0.606
v -33.269 73.083 0.64
v -33.405 73.037 0.426
v -34 73.085 0.647
v -33.452 73.019 0.305
v -33.484 73.007 0.181
v -33.499 73 0.05
v -32.672 73.202 0.985
v -32.841 73.184 0.94
v -34 73.335 1.25
v -32.962 73.163 0.887
v -33.075 73.138 0.819
v -34 73.732 1.768
v 51 73.732 1.768
v 51 73.335 1.25
v 8.001 73.209 1
v 48.501 73.209 1
v 8.154 73.204 0.988
v 48.328 73.202 0.985
v 8.303 73.189 0.953
v 48.159 73.184 0.94
v 8.447 73.166 0.895
v 48.038 73.163 0.887
v 8.575 73.138 0.818
v 47.925 73.138 0.819
v 8.693 73.106 0.721
v 47.731 73.083 0.64
v 8.795 73.075 0.607
v 47.595 73.037 0.426
v 8.877 73.047 0.48
v 8.94 73.023 0.34
v -34 74.25 2.165
v 51 74.25 2.165
v -34 74.853 2.415
v 51 74.853 2.415
v -34 75.5 2.5
v 51 75.5 2.5
v 49.193 73.106 0.721
v 49.075 73.138 0.818
v 51 73.085 0.647
v 48.947 73.166 0.895
v 48.803 73.189 0.953
v 48.654 73.204 0.988
v 49.497 73.001 0.083
v 49.477 73.009 0.214
v 51 73 0
v 49.44 73.023 0.34
v 49.377 73.047 0.48
v 49.295 73.075 0.607
v 49.269 73.083 -0.64
v 49.405 73.037 -0.426
v 51 73.085 -0.647
v 49.452 73.019 -0.305
v 49.484 73.007 -0.18
v 49.499 73 -0.05
v 48.672 73.202 -0.985
v 48.841 73.184 -0.94
v 48.962 73.163 -0.887
v 49.075 73.138 -0.819
v 47.548 73.019 0.305
v 47.516 73.007 0.181
v 8.977 73.009 0.214
v 8.997 73.001 0.083
v 47.501 73 0.05
v 8.999 73 -0.05
v 47.503 73.001 -0.083
v 8.984 73.007 -0.18
v 47.523 73.009 -0.214
v 8.952 73.019 -0.305
v 47.56 73.023 -0.34
v 8.905 73.037 -0.426
v 47.622 73.046 -0.48
v 8.769 73.083 -0.64
v 47.705 73.075 -0.606
v 47.807 73.106 -0.721
v 8.575 73.138 -0.819
v 47.924 73.138 -0.818
v 48.053 73.166 -0.895
v 8.172 73.202 -0.985
v 48.197 73.189 -0.953
v 8.341 73.184 -0.94
v 8.462 73.163 -0.887
v -32.038 73.163 -0.887
v 7.553 73.166 -0.895
v -32.159 73.184 -0.94
v 7.697 73.189 -0.953
v -32.328 73.202 -0.985
v 7.846 73.204 -0.988
v -32.5 73.209 -1
v -31.925 73.138 -0.819
v 7.424 73.138 -0.818
v 7.307 73.106 -0.721
v -31.731 73.083 -0.64
v 7.205 73.075 -0.606
v 7.122 73.046 -0.48
v -31.595 73.037 -0.426
v 7.06 73.023 -0.34
v -31.548 73.019 -0.305
v 7.023 73.009 -0.214
v -31.516 73.007 -0.18
v 7.003 73.001 -0.083
v -31.501 73 -0.05
v 7.001 73 0.05
v -31.503 73.001 0.083
v 7.016 73.007 0.181
v -31.523 73.009 0.214
v -31.56 73.023 0.34
v 7.048 73.019 0.305
v 7.095 73.037 0.426
v -31.623 73.047 0.48
v -31.705 73.075 0.607
v 7.231 73.083 0.64
v -31.807 73.106 0.721
v 7.425 73.138 0.819
v -31.925 73.138 0.818
v 7.538 73.163 0.887
v -32.053 73.166 0.895
v 7.659 73.184 0.94
v -32.197 73.189 0.953
v 7.828 73.202 0.985
v -32.346 73.204 0.988
v -32.499 73.209 1
v -35.502 75.5 0
v 51 75.5 -4.283
v 51 74.391 -4.137
v 60.5 75.5 -4.283
v 60.5 74.391 -4.137
v 60.5 73.358 -3.709
v 51 73.358 -3.709
v 51 72.471 -3.029
v 60.5 72.471 -3.029
v 51 71.791 -2.141
v 60.5 71.791 -2.141
v 51 71.363 -1.109
v 60.5 71.363 -1.109
v 60.5 71.217 0
v 51 71.217 0
v 51 71.363 1.109
v 60.5 71.363 1.109
v 51 71.791 2.142
v 60.5 71.791 2.142
v 60.5 72.471 3.029
v 51 72.471 3.029
v 51 73.358 3.709
v 60.5 73.358 3.709
v 51 74.391 4.137
v 60.5 74.391 4.137
v 60.5 75.5 4.283
v 51 75.5 4.283
v 40.5 74 7.9
v 39.956 74 7.972
v 40.5 72.738 10
v 39.45 74 8.181
v 39.015 74 8.515
v 38.681 74 8.95
v 38.472 74 9.456
v 38.4 74 10
v 38.472 74 10.544
v 38.681 74 11.05
v 39.015 74 11.485
v 39.45 74 11.819
v 39.956 74 12.028
v 40.5 74 12.1
v 40.5 83 12.1
v 39.956 83 12.028
v 39.45 83 11.819
v 39.015 83 11.485
v 38.681 83 11.05
v 38.472 83 10.544
v 38.4 83 10
v 38.472 83 9.456
v 38.681 83 8.95
v 39.015 83 8.515
v 39.45 83 8.181
v 39.956 83 7.972
v 40.5 83 7.9
v 40.5 74 -12.1
v 39.956 74 -12.028
v 40.5 72.738 -10
v 39.45 74 -11.819
v 39.015 74 -11.485
v 38.681 74 -11.05
v 38.472 74 -10.544
v 38.4 74 -10
v 38.472 74 -9.456
v 38.681 74 -8.95
v 39.015 74 -8.515
v 39.45 74 -8.181
v 39.956 74 -7.972
v 40.5 74 -7.9
v 40.5 83 -7.9
v 39.956 83 -7.972
v 39.45 83 -8.181
v 39.015 83 -8.515
v 38.681 83 -8.95
v 38.472 83 -9.456
v 38.4 83 -10
v 38.472 83 -10.544
v 38.681 83 -11.05
v 39.015 83 -11.485
v 39.45 83 -11.819
v 39.956 83 -12.028
v 40.5 83 -12.1
v 0 74 7.9
v -0.544 74 7.972
v 0 72.738 10
v -1.05 74 8.181
v -1.485 74 8.515
v -1.819 74 8.95
v -2.028 74 9.456
v -2.1 74 10
v -2.028 74 10.544
v -1.819 74 11.05
v -1.485 74 11.485
v -1.05 74 11.819
v -0.544 74 12.028
v 0 74 12.1
v 0 83 12.1
v -0.544 83 12.028
v -1.05 83 11.819
v -1.485 83 11.485
v -1.819 83 11.05
v -2.028 83 10.544
v -2.1 83 10
v -2.028 83 9.456
v -1.819 83 8.95
v -1.485 83 8.515
v -1.05 83 8.181
v -0.544 83 7.972
v 0 83 7.9
v 0 74 -12.1
v -0.544 74 -12.028
v 0 72.738 -10
v -1.05 74 -11.819
v -1.485 74 -11.485
v -1.819 74 -11.05
v -2.028 74 -10.544
v -2.1 74 -10
v -2.028 74 -9.456
v -1.819 74 -8.95
v -1.485 74 -8.515
v -1.05 74 -8.181
v -0.544 74 -7.972
v 0 74 -7.9
v 0 83 -7.9
v -0.544 83 -7.972
v -1.05 83 -8.181
v -1.485 83 -8.515
v -1.819 83 -8.95
v -2.028 83 -9.456
v -2.1 83 -10
v -2.028 83 -10.544
v -1.819 83 -11.05
v -1.485 83 -11.485
v -1.05 83 -11.819
v -0.544 83 -12.028
v 0 83 -12.1
v -40.5 74 7.9
v -41.044 74 7.972
v -40.5 72.738 10
v -41.55 74 8.181
v -41.985 74 8.515
v -42.319 74 8.95
v -42.528 74 9.456
v -42.6 74 10
v -42.528 74 10.544
v -42.319 74 11.05
v -41.985 74 11.485
v -41.55 74 11.819
v -41.044 74 12.028
v -40.5 74 12.1
v -40.5 83 12.1
v -41.044 83 12.028
v -41.55 83 11.819
v -41.985 83 11.485
v -42.319 83 11.05
v -42.528 83 10.544
v -42.6 83 10
v -42.528 83 9.456
v -42.319 83 8.95
v -41.985 83 8.515
v -41.55 83 8.181
v -41.044 83 7.972
v -40.5 83 7.9
v -40.5 74 -12.1
v -41.044 74 -12.028
v -40.5 72.738 -10
v -41.55 74 -11.819
v -41.985 74 -11.485
v -42.319 74 -11.05
v -42.528 74 -10.544
v -42.6 74 -10
v -42.528 74 -9.456
v -42.319 74 -8.95
v -41.985 74 -8.515
v -41.55 74 -8.181
v -41.044 74 -7.972
v -40.5 74 -7.9
v -40.5 83 -7.9
v -41.044 83 -7.972
v -41.55 83 -8.181
v -41.985 83 -8.515
v -42.319 83 -8.95
v -42.528 83 -9.456
v -42.6 83 -10
v -42.528 83 -10.544
v -42.319 83 -11.05
v -41.985 83 -11.485
v -41.55 83 -11.819
v -41.044 83 -12.028
v -40.5 83 -12.1
v 17.9 75 7
v 17.972 74.456 7
v 20 75 5.738
v 18.181 73.95 7
v 18.515 73.515 7
v 18.95 73.181 7
v 19.456 72.972 7
v 20 72.9 7
v 20.544 72.972 7
v 21.05 73.181 7
v 21.485 73.515 7
v 21.819 73.95 7
v 22.028 74.456 7
v 22.1 75 7
v 22.1 75 20
v 22.028 74.456 20
v 21.819 73.95 20
v 21.485 73.515 20
v 21.05 73.181 20
v 20.544 72.972 20
v 20 72.9 20
v 19.456 72.972 20
v 18.95 73.181 20
v 18.515 73.515 20
v 18.181 73.95 20
v 17.972 74.456 20
v 17.9 75 20
v -22.1 75 7
v -22.028 74.456 7
v -20 75 5.738
v -21.819 73.95 7
v -21.485 73.515 7
v -21.05 73.181 7
v -20.544 72.972 7
v -20 72.9 7
v -19.456 72.972 7
v -18.95 73.181 7
v -18.515 73.515 7
v -18.181 73.95 7
v -17.972 74.456 7
v -17.9 75 7
v -17.9 75 20
v -17.972 74.456 20
v -18.181 73.95 20
v -18.515 73.515 20
v -18.95 73.181 20
v -19.456 72.972 20
v -20 72.9 20
v -20.544 72.972 20
v -21.05 73.181 20
v -21.485 73.515 20
v -21.819 73.95 20
v -22.028 74.456 20
v -22.1 75 20
v 17.9 18 7
v 17.972 17.456 7
v 20 18 5.738
v 18.181 16.95 7
v 18.515 16.515 7
v 18.95 16.181 7
v 19.456 15.972 7
v 20 15.9 7
v 20.544 15.972 7
v 21.05 16.181 7
v 21.485 16.515 7
v 21.819 16.95 7
v 22.028 17.456 7
v 22.1 18 7
v 22.1 18 20
v 22.028 17.456 20
v 21.819 16.95 20
v 21.485 16.515 20
v 21.05 16.181 20
v 20.544 15.972 20
v 20 15.9 20
v 19.456 15.972 20
v 18.95 16.181 20
v 18.515 16.515 20
v 18.181 16.95 20
v 17.972 17.456 20
v 17.9 18 20
v -22.1 18 7
v -22.028 17.456 7
v -20 18 5.738
v -21.819 16.95 7
v -21.485 16.515 7
v -21.05 16.181 7
v -20.544 15.972 7
v -20 15.9 7
v -19.456 15.972 7
v -18.95 16.181 7
v -18.515 16.515 7
v -18.181 16.95 7
v -17.972 17.456 7
v -17.9 18 7
v -17.9 18 20
v -17.972 17.456 20
v -18.181 16.95 20
v -18.515 16.515 20
v -18.95 16.181 20
v -19.456 15.972 20
v -20 15.9 20
v -20.544 15.972 20
v -21.05 16.181 20
v -21.485 16.515 20
v -21.819 16.95 20
v -22.028 17.456 20
v -22.1 18 20
v -20 -18.7 13.15
v -20 -9.7 13.15
v -19.319 -18.7 13.075
v -19.185 -9.7 13.043
v -18.67 -18.7 12.855
v -18.425 -9.7 12.728
v -18.084 -18.7 12.5
v -17.773 -9.7 12.227
v -17.695 -18.496 12.147
v -17.339 -18.23 11.685
v -17.272 -9.7 11.575
v -17.053 -17.899 11.113
v -16.957 -9.7 10.815
v -16.882 -17.514 10.446
v -16.85 -9.7 10
v -16.863 -17.095 9.719
v -16.957 -9.7 9.185
v -17.017 -16.672 8.988
v -17.272 -9.7 8.425
v -17.339 -16.283 8.314
v -17.773 -9.7 7.773
v -17.796 -15.957 7.749
v -18.339 -15.711 7.324
v -18.425 -9.7 7.272
v -18.913 -15.55 7.043
v -19.185 -9.7 6.957
v -19.477 -15.463 6.894
v -20 -9.7 6.85
v -20 -15.438 6.85
v -56.5 -18.7 13.15
v -56.5 -9.7 13.15
v -55.819 -18.7 13.075
v -55.685 -9.7 13.043
v -55.17 -18.7 12.855
v -54.925 -9.7 12.728
v -54.584 -18.7 12.5
v -54.273 -9.7 12.227
v -54.195 -18.496 12.147
v -53.839 -18.23 11.685
v -53.772 -9.7 11.575
v -53.553 -17.899 11.113
v -53.457 -9.7 10.815
v -53.382 -17.514 10.446
v -53.35 -9.7 10
v -53.363 -17.095 9.719
v -53.457 -9.7 9.185
v -53.517 -16.672 8.988
v -53.772 -9.7 8.425
v -53.839 -16.283 8.314
v -54.273 -9.7 7.773
v -54.296 -15.957 7.749
v -54.839 -15.711 7.324
v -54.925 -9.7 7.272
v -55.413 -15.55 7.043
v -55.685 -9.7 6.957
v -55.977 -15.463 6.894
v -56.5 -9.7 6.85
v -56.5 -15.438 6.85
v 20 -18.7 13.15
v 20 -9.7 13.15
v 20.681 -18.7 13.075
v 20.815 -9.7 13.043
v 21.33 -18.7 12.855
v 21.575 -9.7 12.728
v 21.916 -18.7 12.5
v 22.227 -9.7 12.227
v 22.305 -18.496 12.147
v 22.661 -18.23 11.685
v 22.728 -9.7 11.575
v 22.947 -17.899 11.113
v 23.043 -9.7 10.815
v 23.118 -17.514 10.446
v 23.15 -9.7 10
v 23.137 -17.095 9.719
v 23.043 -9.7 9.185
v 22.983 -16.672 8.988
v 22.728 -9.7 8.425
v 22.661 -16.283 8.314
v 22.227 -9.7 7.773
v 22.204 -15.957 7.749
v 21.661 -15.711 7.324
v 21.575 -9.7 7.272
v 21.087 -15.55 7.043
v 20.815 -9.7 6.957
v 20.523 -15.463 6.894
v 20 -9.7 6.85
v 20 -15.438 6.85
v 56.5 -18.7 13.15
v 56.5 -9.7 13.15
v 57.181 -18.7 13.075
v 57.315 -9.7 13.043
v 57.83 -18.7 12.855
v 58.075 -9.7 12.728
v 58.416 -18.7 12.5
v 58.727 -9.7 12.227
v 58.805 -18.496 12.147
v 59.161 -18.23 11.685
v 59.228 -9.7 11.575
v 59.447 -17.899 11.113
v 59.543 -9.7 10.815
v 59.618 -17.514 10.446
v 59.65 -9.7 10
v 59.637 -17.095 9.719
v 59.543 -9.7 9.185
v 59.483 -16.672 8.988
v 59.228 -9.7 8.425
v 59.161 -16.283 8.314
v 58.727 -9.7 7.773
v 58.704 -15.957 7.749
v 58.161 -15.711 7.324
v 58.075 -9.7 7.272
v 57.587 -15.55 7.043
v 57.315 -9.7 6.957
v 57.023 -15.463 6.894
v 56.5 -9.7 6.85
v 56.5 -15.438 6.85
v 20 -18.7 -13.15
v 20 -9.7 -13.15
v 19.319 -18.7 -13.075
v 19.185 -9.7 -13.043
v 18.67 -18.7 -12.855
v 18.425 -9.7 -12.728
v 18.084 -18.7 -12.5
v 17.773 -9.7 -12.227
v 17.695 -18.496 -12.147
v 17.339 -18.23 -11.685
v 17.272 -9.7 -11.575
v 17.053 -17.899 -11.113
v 16.957 -9.7 -10.815
v 16.882 -17.514 -10.446
v 16.85 -9.7 -10
v 16.863 -17.095 -9.719
v 16.957 -9.7 -9.185
v 17.017 -16.672 -8.988
v 17.272 -9.7 -8.425
v 17.339 -16.283 -8.314
v 17.773 -9.7 -7.773
v 17.796 -15.957 -7.749
v 18.339 -15.711 -7.324
v 18.425 -9.7 -7.272
v 18.913 -15.55 -7.043
v 19.185 -9.7 -6.957
v 19.477 -15.463 -6.894
v 20 -9.7 -6.85
v 20 -15.438 -6.85
v 56.5 -18.7 -13.15
v 56.5 -9.7 -13.15
v 55.819 -18.7 -13.075
v 55.685 -9.7 -13.043
v 55.17 -18.7 -12.855
v 54.925 -9.7 -12.728
v 54.584 -18.7 -12.5
v 54.273 -9.7 -12.227
v 54.195 -18.496 -12.147
v 53.839 -18.23 -11.685
v 53.772 -9.7 -11.575
v 53.553 -17.899 -11.113
v 53.457 -9.7 -10.815
v 53.382 -17.514 -10.446
v 53.35 -9.7 -10
v 53.363 -17.095 -9.719
v 53.457 -9.7 -9.185
v 53.517 -16.672 -8.988
v 53.772 -9.7 -8.425
v 53.839 -16.283 -8.314
v 54.273 -9.7 -7.773
v 54.296 -15.957 -7.749
v 54.839 -15.711 -7.324
v 54.925 -9.7 -7.272
v 55.413 -15.55 -7.043
v 55.685 -9.7 -6.957
v 55.977 -15.463 -6.894
v 56.5 -9.7 -6.85
v 56.5 -15.438 -6.85
v -20 -18.7 -13.15
v -20 -9.7 -13.15
v -20.681 -18.7 -13.075
v -20.815 -9.7 -13.043
v -21.33 -18.7 -12.855
v -21.575 -9.7 -12.728
v -21.916 -18.7 -12.5
v -22.227 -9.7 -12.227
v -22.305 -18.496 -12.147
v -22.661 -18.23 -11.685
v -22.728 -9.7 -11.575
v -22.947 -17.899 -11.113
v -23.043 -9.7 -10.815
v -23.118 -17.514 -10.446
v -23.15 -9.7 -10
v -23.137 -17.095 -9.719
v -23.043 -9.7 -9.185
v -22.983 -16.672 -8.988
v -22.728 -9.7 -8.425
v -22.661 -16.283 -8.314
v -22.227 -9.7 -7.773
v -22.204 -15.957 -7.749
v -21.661 -15.711 -7.324
v -21.575 -9.7 -7.272
v -21.087 -15.55 -7.043
v -20.815 -9.7 -6.957
v -20.523 -15.463 -6.894
v -20 -9.7 -6.85
v -20 -15.438 -6.85
v -56.5 -18.7 -13.15
v -56.5 -9.7 -13.15
v -57.181 -18.7 -13.075
v -57.315 -9.7 -13.043
v -57.83 -18.7 -12.855
v -58.075 -9.7 -12.728
v -58.416 -18.7 -12.5
v -58.727 -9.7 -12.227
v -58.805 -18.496 -12.147
v -59.161 -18.23 -11.685
v -59.228 -9.7 -11.575
v -59.447 -17.899 -11.113
v -59.543 -9.7 -10.815
v -59.618 -17.514 -10.446
v -59.65 -9.7 -10
v -59.637 -17.095 -9.719
v -59.543 -9.7 -9.185
v -59.483 -16.672 -8.988
v -59.228 -9.7 -8.425
v -59.161 -16.283 -8.314
v -58.727 -9.7 -7.773
v -58.704 -15.957 -7.749
v -58.161 -15.711 -7.324
v -58.075 -9.7 -7.272
v -57.587 -15.55 -7.043
v -57.315 -9.7 -6.957
v -57.023 -15.463 -6.894
v -56.5 -9.7 -6.85
v -56.5 -15.438 -6.85
v 56.319 10.2 20
v -56.319 10.2 20
v 56.319 83 20
v 21.485 19.485 20
v 21.819 19.05 20
v -21.05 76.819 20
v -20.544 77.028 20
v -56.319 83 20
v -20 77.1 20
v 20 77.1 20
v 20.544 77.028 20
v -21.819 19.05 20
v -21.485 19.485 20
v 22.028 75.544 20
v 21.05 19.819 20
v 20.544 20.028 20
v 20 20.1 20
v 19.456 20.028 20
v 18.95 19.819 20
v -18.95 19.819 20
v -19.456 20.028 20
v -20 20.1 20
v -20.544 20.028 20
v -21.05 19.819 20
v 17.972 75.544 20
v -17.972 75.544 20
v 18.181 76.05 20
v -18.181 76.05 20
v 18.515 76.485 20
v -18.515 76.485 20
v 18.95 76.819 20
v -18.95 76.819 20
v 19.456 77.028 20
v -19.456 77.028 20
v 21.05 76.819 20
v 21.485 76.485 20
v 21.819 76.05 20
v -22.028 75.544 20
v -21.819 76.05 20
v -21.485 76.485 20
v 17.972 18.544 20
v -22.028 18.544 20
v 18.515 19.485 20
v -18.515 19.485 20
v -18.181 19.05 20
v 18.181 19.05 20
v -17.972 18.544 20
v 22.028 18.544 20
v -60.5 17.262 -15.819
v -60.5 83 -15.819
v -60.5 17.389 -15.239
v -60.5 17.375 -14.645
v -60.5 17.221 -14.072
v -60.5 10.2 -15.819
v -60.5 15.49 12.571
v -60.5 15.49 -12.571
v -60.5 16.046 12.778
v -60.5 16.046 -12.778
v -60.5 16.538 13.111
v -60.5 16.538 -13.111
v -60.5 16.937 13.551
v -60.5 16.937 -13.551
v -60.5 17.221 14.072
v -60.5 10.2 15.819
v -60.5 17.375 14.645
v -60.5 17.389 15.239
v -60.5 17.262 15.819
v -60.5 83 15.819
v -60.5 77.4 -8
v -60.5 77.315 -7.353
v -60.5 77.315 7.353
v -60.5 77.4 8
v -60.5 77.315 8.647
v -60.5 75.547 -10.415
v -60.5 76.15 -10.165
v -60.5 76.668 -9.768
v -60.5 77.065 -9.25
v -60.5 77.315 -8.647
v -60.5 77.065 -6.75
v -60.5 77.065 6.75
v -60.5 76.668 6.232
v -60.5 76.668 -6.232
v -60.5 76.15 5.835
v -60.5 76.15 -5.835
v -60.5 75.547 5.585
v -60.5 75.547 -5.585
v -60.5 77.065 9.25
v -60.5 76.668 9.768
v -60.5 76.15 10.165
v -60.5 75.547 10.415
v -33.95 83 -20
v 0.25 83 -20
v -33.95 29 -20
v 0.25 29 -20
v -56.319 10.2 -20
v 56.319 10.2 -20
v 6.55 29 -20
v 40.75 29 -20
v 47.05 29 -20
v 6.55 83 -20
v 40.75 83 -20
v 47.05 83 -20
v 56.319 83 -20
v -40.25 29 -20
v -56.319 83 -20
v -40.25 83 -20
v -39.85 29 -18.7
v -39.85 29 -19.6
v -39.85 83 -18.7
v -39.85 83 -19.6
v -34.35 29 -19.6
v -34.35 29 -18.7
v -34.35 83 -19.6
v -34.35 83 -18.7
v -40.6 29 -14.7
v -40.6 29 -18.7
v -40.6 83 -14.7
v -40.6 83 -18.7
v -33.6 29 -14.7
v -33.6 83 -14.7
v -33.6 29 -18.7
v -33.6 83 -18.7
v 6.15 29 -19.6
v 0.65 29 -19.6
v 6.15 29 -18.7
v 0.65 29 -18.7
v 6.9 29 -14.7
v -0.1 29 -14.7
v -0.1 29 -18.7
v 6.9 29 -18.7
v 60.5 10.2 -15.819
v 60.5 10.2 15.819
v 60.5 22.629 -3.029
v 60.5 83 -15.819
v 60.5 21.742 -3.709
v 60.5 20.709 -4.137
v 60.5 79.209 2.142
v 60.5 79.637 1.109
v 60.5 83 15.819
v 60.5 79.783 0
v 60.5 79.637 -1.109
v 60.5 79.209 -2.141
v 60.5 20.709 4.137
v 60.5 21.742 3.709
v 60.5 22.629 3.029
v 60.5 23.309 2.142
v 60.5 23.737 1.109
v 60.5 23.883 0
v 60.5 23.737 -1.109
v 60.5 23.309 -2.141
v 60.5 76.609 -4.137
v 60.5 76.609 4.137
v 60.5 77.642 3.709
v 60.5 78.529 3.029
v 60.5 78.529 -3.029
v 60.5 77.642 -3.709
v 41.15 29 -18.7
v 41.15 29 -19.6
v 41.15 83 -18.7
v 41.15 83 -19.6
v 46.65 29 -19.6
v 46.65 29 -18.7
v 46.65 83 -19.6
v 46.65 83 -18.7
v 40.4 29 -14.7
v 40.4 29 -18.7
v 40.4 83 -14.7
v 40.4 83 -18.7
v 47.4 29 -14.7
v 47.4 83 -14.7
v 47.4 29 -18.7
v 47.4 83 -18.7
v 52.6 1 9.572
v 51.478 1 11.64
v 52.6 -15 9.572
v 51.478 -15 11.64
v 52.6 -16.1 9.572
v 51.478 -16.1 11.64
v 51.478 1 -11.64
v 52.6 -15 -9.572
v 51.478 -15 -11.64
v 52.6 -16.1 -9.572
v 51.478 -16.1 -11.64
v 52.6 1 -9.572
v 29.522 1 -11.64
v 29.522 -15 -11.64
v 28.4 1 -9.572
v 28.4 -15 -9.572
v 29.522 -16.1 -11.64
v 28.4 -16.1 -9.572
v 29.522 1 11.64
v 28.4 -15 9.572
v 29.522 -15 11.64
v 28.4 -16.1 9.572
v 29.522 -16.1 11.64
v 28.4 1 9.572
v 12.1 1 9.572
v 10.978 1 11.64
v 12.1 -15 9.572
v 10.978 -15 11.64
v 12.1 -16.1 9.572
v 10.978 -16.1 11.64
v 10.978 1 -11.64
v 12.1 -15 -9.572
v 10.978 -15 -11.64
v 12.1 -16.1 -9.572
v 10.978 -16.1 -11.64
v 12.1 1 -9.572
v -10.978 1 -11.64
v -10.978 -15 -11.64
v -12.1 1 -9.572
v -12.1 -15 -9.572
v -10.978 -16.1 -11.64
v -12.1 -16.1 -9.572
v -10.978 1 11.64
v -12.1 -15 9.572
v -10.978 -15 11.64
v -12.1 -16.1 9.572
v -10.978 -16.1 11.64
v -12.1 1 9.572
v 28.4 1 -7.256
v 28.078 1 -8.212
v 28.006 1 -9.217
v 28.187 1 -10.208
v 28.61 1 -11.123
v 29.248 1 -11.903
v 29.997 1 -12.07
v 30.061 1 -12.499
v 30.489 1 -12.481
v 30.997 1 -12.872
v 50.511 1 -12.481
v 50.939 1 -12.499
v 51.003 1 -12.07
v 51.752 1 -11.903
v 52.39 1 -11.123
v 52.813 1 -10.208
v 52.994 1 -9.217
v 50.003 1 -12.872
v 52.922 1 -8.212
v 52.6 1 -7.256
v -12.1 1 -7.256
v -12.422 1 -8.212
v -12.494 1 -9.217
v -12.313 1 -10.208
v -11.89 1 -11.123
v -11.252 1 -11.903
v -10.503 1 -12.07
v -10.439 1 -12.499
v -10.011 1 -12.481
v -9.503 1 -12.872
v 10.011 1 -12.481
v 10.439 1 -12.499
v 10.503 1 -12.07
v 11.252 1 -11.903
v 11.89 1 -11.123
v 12.313 1 -10.208
v 12.494 1 -9.217
v 9.503 1 -12.872
v 12.422 1 -8.212
v 12.1 1 -7.256
v 60.5 1 4
v 52.6 1 4
v 60.5 1 -4
v 52.6 1 -4
v 52.6 1 7.256
v 52.922 1 8.212
v 52.994 1 9.217
v 52.813 1 10.208
v 52.39 1 11.123
v 51.752 1 11.903
v 51.003 1 12.07
v 50.939 1 12.499
v 50.511 1 12.481
v 50.003 1 12.872
v 30.489 1 12.481
v 30.061 1 12.499
v 29.997 1 12.07
v 29.248 1 11.903
v 28.61 1 11.123
v 28.187 1 10.208
v 28.006 1 9.217
v 30.997 1 12.872
v 28.078 1 8.212
v 28.4 1 7.256
v 12.1 1 7.256
v 12.422 1 8.212
v 12.494 1 9.217
v 12.313 1 10.208
v 11.89 1 11.123
v 11.252 1 11.903
v 10.503 1 12.07
v 10.439 1 12.499
v 10.011 1 12.481
v 9.503 1 12.872
v -10.011 1 12.481
v -10.439 1 12.499
v -10.503 1 12.07
v -11.252 1 11.903
v -11.89 1 11.123
v -12.313 1 10.208
v -12.494 1 9.217
v -9.503 1 12.872
v -12.422 1 8.212
v -12.1 1 7.256
v -60.5 1 -4
v -52.6 1 -4
v -60.5 1 4
v -52.6 1 4
v -55.608 10 -18
v -55.608 4.5 -18
v -57.593 10 -16.127
v -57.593 4.5 -16.127
v -58.5 10 -15.108
v -58.5 4.5 -15.108
v -58.5 4.5 15.108
v -58.5 10 15.108
v -55.608 10 18
v -55.608 4.5 18
v 55.608 4.5 18
v 55.608 10 18
v 58.5 10 15.108
v 58.5 4.5 15.108
v 58.5 10 -15.108
v 58.5 4.5 -15.108
v 57.593 10 -16.127
v 57.593 4.5 -16.127
v 55.608 10 -18
v 55.608 4.5 -18
v 55.681 10.2 -18.2
v -55.681 10.2 -18.2
v -57.82 10.2 -18.716
v -57.739 10.2 -16.264
v -59.216 10.2 -17.32
v -58.7 10.2 -15.181
v -58.7 10.2 15.181
v -59.216 10.2 17.32
v 57.82 10.2 -18.716
v 57.739 10.2 -16.264
v 59.216 10.2 -17.32
v 58.7 10.2 -15.181
v 58.7 10.2 15.181
v 59.216 10.2 17.32
v 55.734 10.2 18.155
v 57.82 10.2 18.716
v 55.681 10.2 18.2
v -55.681 10.2 18.2
v -55.734 10.2 18.155
v -57.82 10.2 18.716
v -56.319 4.3 -20
v -56.319 -18.7 -20
v -57.82 4.3 -18.716
v -57.82 -18.7 -18.716
v -59.216 4.3 -17.32
v -59.216 -18.7 -17.32
v -60.5 4.3 -15.819
v -60.5 -18.7 -15.819
v 56.319 -18.7 -20
v 56.319 4.3 -20
v 60.5 4.3 -15.819
v 60.5 -18.7 -15.819
v 59.216 4.3 -17.32
v 59.216 -18.7 -17.32
v 57.82 4.3 -18.716
v 57.82 -18.7 -18.716
v 60.5 -18.7 15.819
v 60.5 -18.7 12.5
v 60.5 4.3 15.819
v 60.5 -13.793 4
v 60.5 -13.793 -4
v 60.5 -18.7 -12.5
v 56.319 4.3 20
v 56.319 -18.7 20
v 57.82 4.3 18.716
v 57.82 -18.7 18.716
v 59.216 4.3 17.32
v 59.216 -18.7 17.32
v -56.319 -18.7 20
v -56.319 4.3 20
v -60.5 4.3 15.819
v -60.5 -18.7 15.819
v -59.216 4.3 17.32
v -59.216 -18.7 17.32
v -57.82 4.3 18.716
v -57.82 -18.7 18.716
v -60.5 -18.7 12.5
v -60.5 -13.793 4
v -60.5 -13.793 -4
v -60.5 -18.7 -12.5
v -58.7 4.3 -15.181
v -57.739 4.3 -16.264
v -55.681 4.3 -18.2
v 55.681 4.3 -18.2
v -58.7 4.3 15.181
v -55.734 4.3 18.155
v -55.681 4.3 18.2
v 55.681 4.3 18.2
v 55.734 4.3 18.155
v 58.7 4.3 15.181
v 58.7 4.3 -15.181
v 57.739 4.3 -16.264
v 58.504 4.46 15.109
v 58.504 4.46 -15.109
v 58.516 4.421 15.114
v 58.516 4.421 -15.114
v 58.535 4.387 15.121
v 58.535 4.387 -15.121
v 58.561 4.356 15.13
v 58.561 4.356 -15.13
v 58.591 4.332 15.141
v 58.591 4.332 -15.141
v 58.625 4.315 15.153
v 58.625 4.315 -15.154
v 58.662 4.304 15.167
v 58.662 4.304 -15.167
v 57.603 4.428 -16.136
v 57.631 4.365 -16.162
v 57.674 4.321 -16.203
v 57.725 4.301 -16.251
v 55.667 4.304 -18.162
v 55.654 4.315 -18.125
v 55.641 4.332 -18.091
v 55.63 4.356 -18.061
v 55.621 4.387 -18.035
v 55.614 4.421 -18.016
v 55.609 4.46 -18.004
v 55.722 4.301 18.141
v 55.677 4.321 18.087
v 55.639 4.365 18.042
v 55.609 4.46 18.004
v 55.614 4.428 18.012
v 55.614 4.421 18.016
v 55.621 4.387 18.035
v 55.63 4.356 18.061
v 55.641 4.332 18.091
v 55.653 4.315 18.125
v 55.667 4.304 18.162
v -55.609 4.46 -18.004
v -55.614 4.421 -18.016
v -55.63 4.356 -18.061
v -55.621 4.387 -18.035
v -55.641 4.332 -18.091
v -55.654 4.315 -18.125
v -55.667 4.304 -18.162
v -55.667 4.304 18.162
v -55.641 4.332 18.091
v -55.653 4.315 18.125
v -55.63 4.356 18.061
v -55.621 4.387 18.035
v -55.609 4.46 18.004
v -55.614 4.421 18.016
v -57.603 4.428 -16.136
v -57.631 4.365 -16.162
v -57.674 4.321 -16.203
v -57.725 4.301 -16.251
v -58.662 4.304 -15.167
v -58.625 4.315 -15.154
v -58.591 4.332 -15.141
v -58.561 4.356 -15.13
v -58.535 4.387 -15.121
v -58.516 4.421 -15.114
v -58.504 4.46 -15.109
v -55.722 4.301 18.141
v -58.625 4.315 15.153
v -58.591 4.332 15.141
v -55.677 4.321 18.087
v -58.561 4.356 15.13
v -55.639 4.365 18.042
v -55.614 4.428 18.012
v -58.504 4.46 15.109
v -58.516 4.421 15.114
v -58.535 4.387 15.121
v -58.662 4.304 15.167
v -57.603 10.072 -16.136
v -58.504 10.04 -15.109
v -58.516 10.079 -15.114
v -57.631 10.135 -16.162
v -58.535 10.113 -15.121
v -57.674 10.179 -16.203
v -58.561 10.144 -15.13
v -58.591 10.168 -15.141
v -57.725 10.199 -16.251
v -58.625 10.185 -15.153
v -58.662 10.196 -15.167
v -55.667 10.196 -18.162
v -55.654 10.185 -18.125
v -55.641 10.168 -18.091
v -55.63 10.144 -18.061
v -55.621 10.113 -18.035
v -55.614 10.079 -18.016
v -55.609 10.04 -18.004
v 55.609 10.04 -18.004
v 55.614 10.079 -18.016
v 55.63 10.144 -18.061
v 55.621 10.113 -18.035
v 55.641 10.168 -18.091
v 55.654 10.185 -18.125
v 55.667 10.196 -18.162
v -58.662 10.196 15.167
v -58.591 10.168 15.141
v -58.625 10.185 15.153
v -58.561 10.144 15.13
v -58.535 10.113 15.121
v -58.504 10.04 15.109
v -58.516 10.079 15.114
v 57.603 10.072 -16.136
v 57.631 10.135 -16.162
v 57.674 10.179 -16.203
v 57.725 10.199 -16.251
v 58.662 10.196 -15.167
v 58.625 10.185 -15.154
v 58.591 10.168 -15.141
v 58.561 10.144 -15.13
v 58.535 10.113 -15.121
v 58.516 10.079 -15.114
v 58.504 10.04 -15.109
v -55.722 10.199 18.141
v -55.677 10.179 18.087
v -55.639 10.135 18.042
v -55.609 10.04 18.004
v -55.614 10.072 18.012
v -55.614 10.079 18.016
v -55.621 10.113 18.035
v -55.63 10.144 18.061
v -55.641 10.168 18.091
v -55.653 10.185 18.125
v -55.667 10.196 18.162
v 58.504 10.04 15.109
v 58.516 10.079 15.114
v 58.561 10.144 15.13
v 58.535 10.113 15.121
v 58.591 10.168 15.141
v 58.625 10.185 15.154
v 58.662 10.196 15.167
v 55.667 10.196 18.162
v 55.641 10.168 18.091
v 55.653 10.185 18.125
v 55.63 10.144 18.061
v 55.621 10.113 18.035
v 55.609 10.04 18.004
v 55.614 10.079 18.016
v 55.614 10.072 18.012
v 55.639 10.135 18.042
v 55.677 10.179 18.087
v 55.722 10.199 18.141
v -50.003 -15 12.872
v -50.003 1 12.872
v -50.511 -15 12.481
v -50.511 1 12.481
v -51.003 -15 12.07
v -51.003 1 12.07
v -51.478 -15 11.64
v -51.478 1 11.64
v -29.522 -15 11.64
v -29.522 1 11.64
v -29.997 -15 12.07
v -29.997 1 12.07
v -30.489 -15 12.481
v -30.489 1 12.481
v -30.997 -15 12.872
v -30.997 1 12.872
v -52.6 -15 9.572
v -52.6 1 9.572
v -52.6 -15 7.256
v -52.6 1 7.256
v -52.6 -13.793 -4
v -52.6 -13.793 4
v -52.6 -16.1 -7.997
v -52.6 -16.1 7.997
v -52.6 -15 -7.256
v -52.6 1 -7.256
v -52.6 -15 -9.572
v -52.6 1 -9.572
v -28.4 1 -9.572
v -28.4 1 -7.256
v -28.4 -15 -9.572
v -28.4 -15 -7.256
v -28.4 1 -4
v -28.4 1 4
v -28.4 -13.793 -4
v -28.4 -13.793 4
v -28.4 -16.1 -7.997
v -28.4 -16.1 7.997
v -28.4 1 7.256
v -28.4 1 9.572
v -28.4 -15 7.256
v -28.4 -15 9.572
v -51.478 -15 -11.64
v -51.478 1 -11.64
v -51.003 -15 -12.07
v -51.003 1 -12.07
v -50.511 -15 -12.481
v -50.511 1 -12.481
v -50.003 -15 -12.872
v -50.003 1 -12.872
v -30.997 -15 -12.872
v -30.997 1 -12.872
v -30.489 -15 -12.481
v -30.489 1 -12.481
v -29.997 -15 -12.07
v -29.997 1 -12.07
v -29.522 -15 -11.64
v -29.522 1 -11.64
v -28.4 -16.1 9.572
v -29.522 -16.1 11.64
v -28.4 -16.1 -9.572
v -29.522 -16.1 -11.64
v -51.478 -16.1 -11.64
v -52.6 -16.1 -9.572
v -52.6 -16.1 9.572
v -51.478 -16.1 11.64
v -9.503 -15 12.872
v -10.011 -15 12.481
v -10.503 -15 12.07
v 10.503 -15 12.07
v 10.011 -15 12.481
v 9.503 -15 12.872
v -10.503 -15 -12.07
v -10.011 -15 -12.481
v -9.503 -15 -12.872
v 9.503 -15 -12.872
v 10.011 -15 -12.481
v 10.503 -15 -12.07
v 30.997 -15 12.872
v 30.489 -15 12.481
v 29.997 -15 12.07
v 51.003 -15 12.07
v 50.511 -15 12.481
v 50.003 -15 12.872
v 29.997 -15 -12.07
v 30.489 -15 -12.481
v 30.997 -15 -12.872
v 50.003 -15 -12.872
v 50.511 -15 -12.481
v 51.003 -15 -12.07
v 52.6 -15 -7.256
v 52.6 -13.793 -4
v 52.6 -13.793 4
v 52.6 -16.1 -7.997
v 52.6 -16.1 7.997
v 52.6 -15 7.256
v 12.1 -15 -7.256
v 12.1 1 -4
v 12.1 1 4
v 12.1 -13.793 -4
v 12.1 -13.793 4
v 12.1 -16.1 -7.997
v 12.1 -16.1 7.997
v 12.1 -15 7.256
v -12.1 -15 7.256
v -12.1 1 4
v -12.1 -13.793 -4
v -12.1 -13.793 4
v -12.1 -16.1 -7.997
v -12.1 -16.1 7.997
v -12.1 1 -4
v -12.1 -15 -7.256
v 28.4 -15 7.256
v 28.4 1 4
v 28.4 -13.793 -4
v 28.4 -13.793 4
v 28.4 -16.1 -7.997
v 28.4 -16.1 7.997
v 28.4 1 -4
v 28.4 -15 -7.256
v -48.228 -16.1 14.01
v -44.49 -16.1 -15.494
v -40.5 -16.1 -16
v -40.5 -16.1 16
v -36.51 -16.1 15.494
v -48.228 -16.1 -14.01
v -36.51 -16.1 -15.494
v -32.772 -16.1 -14.01
v -32.772 -16.1 14.01
v -44.49 -16.1 15.494
v -28.4 -15 9.695
v -28.4 -17.08 9.695
v -52.6 -15 -9.695
v -52.6 -17.08 -9.695
v -44.065 -18.7 -15.598
v -40.5 -18.7 -16
v -36.935 -18.7 -15.598
v -33.549 -18.7 -14.411
v -30.513 -18.7 -12.5
v -28.957 -17.88 -11.08
v -28.957 -15 -11.08
v -47.451 -18.7 -14.411
v -50.487 -18.7 -12.5
v -52.043 -17.88 -11.08
v -51.669 -15 -11.456
v -51.858 -15 -11.27
v -52.043 -15 -11.08
v -29.142 -15 -11.27
v -29.331 -15 -11.456
v -55.819 -18.7 -13.075
v -55.17 -18.7 -12.855
v -54.584 -18.7 -12.5
v 21.33 -18.7 -12.855
v 20.681 -18.7 -13.075
v 33.549 -18.7 -14.411
v 36.935 -18.7 -15.598
v 3.565 -18.7 -15.598
v 0 -18.7 -16
v -3.565 -18.7 -15.598
v 58.416 -18.7 -12.5
v 57.83 -18.7 -12.855
v 57.181 -18.7 -13.075
v 50.487 -18.7 -12.5
v 47.451 -18.7 -14.411
v 44.065 -18.7 -15.598
v 40.5 -18.7 -16
v 30.513 -18.7 -12.5
v 21.916 -18.7 -12.5
v 6.951 -18.7 -14.411
v 9.987 -18.7 -12.5
v -6.951 -18.7 -14.411
v -19.319 -18.7 -13.075
v -18.67 -18.7 -12.855
v -9.987 -18.7 -12.5
v -18.084 -18.7 -12.5
v -28.4 -15 -9.695
v -28.4 -17.08 -9.695
v 28.4 -15 -9.695
v 28.4 -17.08 -9.695
v 52.6 -17.08 -9.695
v 52.6 -15 -9.695
v -12.1 -15 -9.695
v -12.1 -17.08 -9.695
v 12.1 -17.08 -9.695
v 12.1 -15 -9.695
v -52.922 -15 -8.212
v -52.922 1 -8.212
v -52.994 -15 -9.217
v -52.994 1 -9.217
v -52.813 -15 -10.208
v -52.813 1 -10.208
v -52.39 1 -11.123
v -52.39 -15 -11.123
v -51.752 -15 -11.903
v -51.752 1 -11.903
v -50.939 -15 -12.499
v -50.939 1 -12.499
v -52.535 -15 -10.199
v -52.346 -15 -10.671
v -30.061 1 -12.499
v -30.061 -15 -12.499
v -29.248 -15 -11.903
v -29.248 1 -11.903
v -28.61 -15 -11.123
v -28.61 1 -11.123
v -28.187 1 -10.208
v -28.187 -15 -10.208
v -28.006 -15 -9.217
v -28.006 1 -9.217
v -28.078 -15 -8.212
v -28.078 1 -8.212
v -28.654 -15 -10.671
v -28.465 -15 -10.199
v -52.564 -17.298 -10.072
v -52.455 -17.511 -10.441
v -52.278 -17.709 -10.783
v -28.722 -17.709 -10.783
v -28.545 -17.511 -10.441
v -28.436 -17.298 -10.072
v 28.078 -15 -8.212
v 28.006 -15 -9.217
v 28.187 -15 -10.208
v 28.61 -15 -11.123
v 29.248 -15 -11.903
v 30.061 -15 -12.499
v 28.465 -15 -10.199
v 28.654 -15 -10.671
v 28.957 -15 -11.08
v 29.142 -15 -11.27
v 29.331 -15 -11.456
v 50.939 -15 -12.499
v 51.752 -15 -11.903
v 52.39 -15 -11.123
v 52.813 -15 -10.208
v 52.994 -15 -9.217
v 52.922 -15 -8.212
v 51.669 -15 -11.456
v 51.858 -15 -11.27
v 52.043 -15 -11.08
v 52.346 -15 -10.671
v 52.535 -15 -10.199
v 28.436 -17.298 -10.072
v 28.545 -17.511 -10.441
v 28.722 -17.709 -10.783
v 28.957 -17.88 -11.08
v 52.043 -17.88 -11.08
v 52.278 -17.709 -10.783
v 52.455 -17.511 -10.441
v 52.564 -17.298 -10.072
v 40.5 -16.1 -16
v 44.49 -16.1 -15.494
v 48.228 -16.1 -14.01
v 36.51 -16.1 -15.494
v 32.772 -16.1 -14.01
v 11.543 -17.88 -11.08
v 11.778 -17.709 -10.783
v 11.543 -15 -11.08
v 11.846 -15 -10.671
v 11.955 -17.511 -10.441
v 12.035 -15 -10.199
v 12.064 -17.298 -10.072
v -12.064 -17.298 -10.072
v -12.035 -15 -10.199
v -11.955 -17.511 -10.441
v -11.846 -15 -10.671
v -11.778 -17.709 -10.783
v -11.543 -15 -11.08
v -11.543 -17.88 -11.08
v 0 -16.1 -16
v 3.99 -16.1 -15.494
v 7.728 -16.1 -14.01
v -3.99 -16.1 -15.494
v -7.728 -16.1 -14.01
v -11.169 -15 -11.456
v -11.358 -15 -11.27
v 11.358 -15 -11.27
v 11.169 -15 -11.456
v -12.422 -15 -8.212
v -12.494 -15 -9.217
v -12.313 -15 -10.208
v -11.89 -15 -11.123
v -11.252 -15 -11.903
v -10.439 -15 -12.499
v 10.439 -15 -12.499
v 11.252 -15 -11.903
v 11.89 -15 -11.123
v 12.313 -15 -10.208
v 12.494 -15 -9.217
v 12.422 -15 -8.212
v 57.023 -15.463 -6.894
v 57.587 -15.55 -7.043
v 58.161 -15.711 -7.324
v 58.704 -15.957 -7.749
v 59.161 -16.283 -8.314
v 59.483 -16.672 -8.988
v 59.637 -17.095 -9.719
v 59.618 -17.514 -10.446
v 59.447 -17.899 -11.113
v 59.161 -18.23 -11.685
v 58.805 -18.496 -12.147
v -55.977 -15.463 -6.894
v -55.413 -15.55 -7.043
v -54.839 -15.711 -7.324
v -54.296 -15.957 -7.749
v -53.839 -16.283 -8.314
v -53.517 -16.672 -8.988
v -53.363 -17.095 -9.719
v -53.382 -17.514 -10.446
v -53.553 -17.899 -11.113
v -53.839 -18.23 -11.685
v -54.195 -18.496 -12.147
v -19.477 -15.463 -6.894
v -18.913 -15.55 -7.043
v -18.339 -15.711 -7.324
v -17.796 -15.957 -7.749
v -17.339 -16.283 -8.314
v -17.017 -16.672 -8.988
v -16.863 -17.095 -9.719
v -16.882 -17.514 -10.446
v -17.053 -17.899 -11.113
v -17.339 -18.23 -11.685
v -17.695 -18.496 -12.147
v 20.523 -15.463 -6.894
v 21.087 -15.55 -7.043
v 21.661 -15.711 -7.324
v 22.204 -15.957 -7.749
v 22.661 -16.283 -8.314
v 22.983 -16.672 -8.988
v 23.137 -17.095 -9.719
v 23.118 -17.514 -10.446
v 22.947 -17.899 -11.113
v 22.661 -18.23 -11.685
v 22.305 -18.496 -12.147
v -55.685 -9.7 -6.957
v -54.925 -9.7 -7.272
v -54.273 -9.7 -7.773
v -53.772 -9.7 -8.425
v -53.457 -9.7 -9.185
v -53.35 -9.7 -10
v -53.457 -9.7 -10.815
v -53.772 -9.7 -11.575
v -54.273 -9.7 -12.227
v -54.925 -9.7 -12.728
v -55.685 -9.7 -13.043
v -19.185 -9.7 -6.957
v -18.425 -9.7 -7.272
v -17.773 -9.7 -7.773
v -17.272 -9.7 -8.425
v -16.957 -9.7 -9.185
v -16.85 -9.7 -10
v -16.957 -9.7 -10.815
v -17.272 -9.7 -11.575
v -17.773 -9.7 -12.227
v -18.425 -9.7 -12.728
v -19.185 -9.7 -13.043
v 57.315 -9.7 -6.957
v 58.075 -9.7 -7.272
v 58.727 -9.7 -7.773
v 59.228 -9.7 -8.425
v 59.543 -9.7 -9.185
v 59.65 -9.7 -10
v 59.543 -9.7 -10.815
v 59.228 -9.7 -11.575
v 58.727 -9.7 -12.227
v 58.075 -9.7 -12.728
v 57.315 -9.7 -13.043
v 20.815 -9.7 -6.957
v 21.575 -9.7 -7.272
v 22.227 -9.7 -7.773
v 22.728 -9.7 -8.425
v 23.043 -9.7 -9.185
v 23.15 -9.7 -10
v 23.043 -9.7 -10.815
v 22.728 -9.7 -11.575
v 22.227 -9.7 -12.227
v 21.575 -9.7 -12.728
v 20.815 -9.7 -13.043
v 28.4 -15 9.695
v 28.4 -17.08 9.695
v 29.331 -15 11.456
v 29.142 -15 11.27
v 44.065 -18.7 15.598
v 40.5 -18.7 16
v 40.5 -16.1 16
v 36.935 -18.7 15.598
v 36.51 -16.1 15.494
v 33.549 -18.7 14.411
v 32.772 -16.1 14.01
v 30.513 -18.7 12.5
v 28.957 -17.88 11.08
v 28.957 -15 11.08
v 44.49 -16.1 15.494
v 47.451 -18.7 14.411
v 48.228 -16.1 14.01
v 50.487 -18.7 12.5
v 52.043 -17.88 11.08
v 51.669 -15 11.456
v 51.858 -15 11.27
v 52.043 -15 11.08
v -12.1 -15 9.695
v -12.1 -17.08 9.695
v -11.169 -15 11.456
v -11.358 -15 11.27
v 3.565 -18.7 15.598
v 0 -18.7 16
v 0 -16.1 16
v -3.565 -18.7 15.598
v -3.99 -16.1 15.494
v -6.951 -18.7 14.411
v -7.728 -16.1 14.01
v -9.987 -18.7 12.5
v -11.543 -17.88 11.08
v -11.543 -15 11.08
v 3.99 -16.1 15.494
v 6.951 -18.7 14.411
v 7.728 -16.1 14.01
v 9.987 -18.7 12.5
v 11.543 -17.88 11.08
v 11.169 -15 11.456
v 11.358 -15 11.27
v 11.543 -15 11.08
v 55.819 -18.7 13.075
v 55.17 -18.7 12.855
v 54.584 -18.7 12.5
v -21.33 -18.7 12.855
v -20.681 -18.7 13.075
v -33.549 -18.7 14.411
v -36.935 -18.7 15.598
v -58.416 -18.7 12.5
v -57.83 -18.7 12.855
v -57.181 -18.7 13.075
v -50.487 -18.7 12.5
v -47.451 -18.7 14.411
v -44.065 -18.7 15.598
v -40.5 -18.7 16
v -30.513 -18.7 12.5
v -21.916 -18.7 12.5
v 19.319 -18.7 13.075
v 18.67 -18.7 12.855
v 18.084 -18.7 12.5
v 52.6 -15 9.695
v 52.6 -17.08 9.695
v -52.6 -15 9.695
v -52.6 -17.08 9.695
v 12.1 -15 9.695
v 12.1 -17.08 9.695
v 52.922 -15 8.212
v 52.994 -15 9.217
v 52.813 -15 10.208
v 52.39 -15 11.123
v 51.752 -15 11.903
v 50.939 -15 12.499
v 52.535 -15 10.199
v 52.346 -15 10.671
v 30.061 -15 12.499
v 29.248 -15 11.903
v 28.61 -15 11.123
v 28.187 -15 10.208
v 28.006 -15 9.217
v 28.078 -15 8.212
v 28.654 -15 10.671
v 28.465 -15 10.199
v 52.564 -17.298 10.072
v 52.455 -17.511 10.441
v 52.278 -17.709 10.783
v 28.722 -17.709 10.783
v 28.545 -17.511 10.441
v 28.436 -17.298 10.072
v -28.078 -15 8.212
v -28.078 1 8.212
v -28.006 -15 9.217
v -28.006 1 9.217
v -28.187 -15 10.208
v -28.187 1 10.208
v -28.61 1 11.123
v -28.61 -15 11.123
v -29.248 -15 11.903
v -29.248 1 11.903
v -30.061 -15 12.499
v -30.061 1 12.499
v -28.465 -15 10.199
v -28.654 -15 10.671
v -28.957 -15 11.08
v -29.142 -15 11.27
v -29.331 -15 11.456
v -50.939 1 12.499
v -50.939 -15 12.499
v -51.752 -15 11.903
v -51.752 1 11.903
v -52.39 -15 11.123
v -52.39 1 11.123
v -52.813 1 10.208
v -52.813 -15 10.208
v -52.994 -15 9.217
v -52.994 1 9.217
v -52.922 -15 8.212
v -52.922 1 8.212
v -51.669 -15 11.456
v -51.858 -15 11.27
v -52.043 -15 11.08
v -52.346 -15 10.671
v -52.535 -15 10.199
v -28.436 -17.298 10.072
v -28.545 -17.511 10.441
v -28.722 -17.709 10.783
v -28.957 -17.88 11.08
v -52.043 -17.88 11.08
v -52.278 -17.709 10.783
v -52.455 -17.511 10.441
v -52.564 -17.298 10.072
v -11.778 -17.709 10.783
v -11.846 -15 10.671
v -11.955 -17.511 10.441
v -12.035 -15 10.199
v -12.064 -17.298 10.072
v 12.064 -17.298 10.072
v 12.035 -15 10.199
v 11.955 -17.511 10.441
v 11.846 -15 10.671
v 11.778 -17.709 10.783
v 12.422 -15 8.212
v 12.494 -15 9.217
v 12.313 -15 10.208
v 11.89 -15 11.123
v 11.252 -15 11.903
v 10.439 -15 12.499
v -10.439 -15 12.499
v -11.252 -15 11.903
v -11.89 -15 11.123
v -12.313 -15 10.208
v -12.494 -15 9.217
v -12.422 -15 8.212
v -57.023 -15.463 6.894
v -57.587 -15.55 7.043
v -58.161 -15.711 7.324
v -58.704 -15.957 7.749
v -59.161 -16.283 8.314
v -59.483 -16.672 8.988
v -59.637 -17.095 9.719
v -59.618 -17.514 10.446
v -59.447 -17.899 11.113
v -59.161 -18.23 11.685
v -58.805 -18.496 12.147
v 55.977 -15.463 6.894
v 55.413 -15.55 7.043
v 54.839 -15.711 7.324
v 54.296 -15.957 7.749
v 53.839 -16.283 8.314
v 53.517 -16.672 8.988
v 53.363 -17.095 9.719
v 53.382 -17.514 10.446
v 53.553 -17.899 11.113
v 53.839 -18.23 11.685
v 54.195 -18.496 12.147
v 19.477 -15.463 6.894
v 18.913 -15.55 7.043
v 18.339 -15.711 7.324
v 17.796 -15.957 7.749
v 17.339 -16.283 8.314
v 17.017 -16.672 8.988
v 16.863 -17.095 9.719
v 16.882 -17.514 10.446
v 17.053 -17.899 11.113
v 17.339 -18.23 11.685
v 17.695 -18.496 12.147
v -20.523 -15.463 6.894
v -21.087 -15.55 7.043
v -21.661 -15.711 7.324
v -22.204 -15.957 7.749
v -22.661 -16.283 8.314
v -22.983 -16.672 8.988
v -23.137 -17.095 9.719
v -23.118 -17.514 10.446
v -22.947 -17.899 11.113
v -22.661 -18.23 11.685
v -22.305 -18.496 12.147
v 55.685 -9.7 6.957
v 54.925 -9.7 7.272
v 54.273 -9.7 7.773
v 53.772 -9.7 8.425
v 53.457 -9.7 9.185
v 53.35 -9.7 10
v 53.457 -9.7 10.815
v 53.772 -9.7 11.575
v 54.273 -9.7 12.227
v 54.925 -9.7 12.728
v 55.685 -9.7 13.043
v 19.185 -9.7 6.957
v 18.425 -9.7 7.272
v 17.773 -9.7 7.773
v 17.272 -9.7 8.425
v 16.957 -9.7 9.185
v 16.85 -9.7 10
v 16.957 -9.7 10.815
v 17.272 -9.7 11.575
v 17.773 -9.7 12.227
v 18.425 -9.7 12.728
v 19.185 -9.7 13.043
v -57.315 -9.7 6.957
v -58.075 -9.7 7.272
v -58.727 -9.7 7.773
v -59.228 -9.7 8.425
v -59.543 -9.7 9.185
v -59.65 -9.7 10
v -59.543 -9.7 10.815
v -59.228 -9.7 11.575
v -58.727 -9.7 12.227
v -58.075 -9.7 12.728
v -57.315 -9.7 13.043
v -20.815 -9.7 6.957
v -21.575 -9.7 7.272
v -22.227 -9.7 7.773
v -22.728 -9.7 8.425
v -23.043 -9.7 9.185
v -23.15 -9.7 10
v -23.043 -9.7 10.815
v -22.728 -9.7 11.575
v -22.227 -9.7 12.227
v -21.575 -9.7 12.728
v -20.815 -9.7 13.043
v -22.028 18.544 7
v -21.819 19.05 7
v -21.485 19.485 7
v -21.05 19.819 7
v -20.544 20.028 7
v -20 20.1 7
v -19.456 20.028 7
v -18.95 19.819 7
v -18.515 19.485 7
v -18.181 19.05 7
v -17.972 18.544 7
v 17.972 18.544 7
v 18.181 19.05 7
v 18.515 19.485 7
v 18.95 19.819 7
v 19.456 20.028 7
v 20 20.1 7
v 20.544 20.028 7
v 21.05 19.819 7
v 21.485 19.485 7
v 21.819 19.05 7
v 22.028 18.544 7
v 6.15 83 -19.6
v 0.65 83 -19.6
v 6.9 83 -18.7
v 6.15 83 -18.7
v -0.1 83 -18.7
v 0.65 83 -18.7
v 6.9 83 -14.7
v 0.544 83 -12.028
v 1.05 83 -11.819
v -0.1 83 -14.7
v 1.485 83 -11.485
v 1.819 83 -11.05
v 2.028 83 -10.544
v -39.956 83 -12.028
v -39.45 83 -11.819
v -39.015 83 -11.485
v -38.681 83 -11.05
v -38.472 83 -10.544
v -57.82 83 -18.716
v -59.216 83 -17.32
v -59.216 83 17.32
v -57.82 83 18.716
v 0.544 83 12.028
v -39.956 83 12.028
v -39.45 83 11.819
v -39.015 83 11.485
v -38.681 83 11.05
v -38.472 83 10.544
v -38.4 83 10
v -38.472 83 9.456
v -38.681 83 8.95
v -38.681 83 -8.95
v -38.472 83 -9.456
v 59.216 83 17.32
v 42.6 83 10
v 57.82 83 18.716
v 42.528 83 10.544
v 42.319 83 11.05
v 41.985 83 11.485
v 42.528 83 9.456
v 42.319 83 8.95
v 42.319 83 -8.95
v 42.528 83 -9.456
v 42.6 83 -10
v 59.216 83 -17.32
v 57.82 83 -18.716
v 41.044 83 -12.028
v 41.55 83 -11.819
v 41.985 83 -11.485
v 42.319 83 -11.05
v 42.528 83 -10.544
v 41.044 83 12.028
v 1.05 83 11.819
v 1.485 83 11.485
v 1.819 83 11.05
v 2.028 83 10.544
v 2.1 83 10
v 2.028 83 9.456
v 1.819 83 8.95
v 41.985 83 8.515
v 41.985 83 -8.515
v 41.55 83 8.181
v 41.55 83 -8.181
v 41.044 83 7.972
v 41.044 83 -7.972
v 41.55 83 11.819
v 1.819 83 -8.95
v 1.485 83 8.515
v 1.485 83 -8.515
v 1.05 83 8.181
v 1.05 83 -8.181
v 0.544 83 7.972
v 0.544 83 -7.972
v 2.1 83 -10
v 2.028 83 -9.456
v -39.956 83 -7.972
v -39.956 83 7.972
v -39.45 83 -8.181
v -39.45 83 8.181
v -39.015 83 -8.515
v -39.015 83 8.515
v -38.4 83 -10
v -59.992 16.943 16.441
v -59.752 16.713 16.721
v -59.531 16.436 16.973
v -59.337 16.11 17.187
v -59.183 15.74 17.355
v -59.082 15.329 17.463
v -59.083 15.332 -17.462
v -59.184 15.741 -17.354
v -59.338 16.112 -17.187
v -59.531 16.436 -16.972
v -59.751 16.712 -16.722
v -59.991 16.942 -16.442
v -22.028 75.544 7
v -21.819 76.05 7
v -21.485 76.485 7
v -21.05 76.819 7
v -20.544 77.028 7
v -20 77.1 7
v -19.456 77.028 7
v -18.95 76.819 7
v -18.515 76.485 7
v -18.181 76.05 7
v -17.972 75.544 7
v 17.972 75.544 7
v 18.181 76.05 7
v 18.515 76.485 7
v 18.95 76.819 7
v 19.456 77.028 7
v 20 77.1 7
v 20.544 77.028 7
v 21.05 76.819 7
v 21.485 76.485 7
v 21.819 76.05 7
v 22.028 75.544 7
v -39.956 74 -12.028
v -39.45 74 -11.819
v -39.015 74 -11.485
v -38.681 74 -11.05
v -38.472 74 -10.544
v -38.4 74 -10
v -38.472 74 -9.456
v -38.681 74 -8.95
v -39.015 74 -8.515
v -39.45 74 -8.181
v -39.956 74 -7.972
v -39.956 74 7.972
v -39.45 74 8.181
v -39.015 74 8.515
v -38.681 74 8.95
v -38.472 74 9.456
v -38.4 74 10
v -38.472 74 10.544
v -38.681 74 11.05
v -39.015 74 11.485
v -39.45 74 11.819
v -39.956 74 12.028
v 0.544 74 -12.028
v 1.05 74 -11.819
v 1.485 74 -11.485
v 1.819 74 -11.05
v 2.028 74 -10.544
v 2.1 74 -10
v 2.028 74 -9.456
v 1.819 74 -8.95
v 1.485 74 -8.515
v 1.05 74 -8.181
v 0.544 74 -7.972
v 0.544 74 7.972
v 1.05 74 8.181
v 1.485 74 8.515
v 1.819 74 8.95
v 2.028 74 9.456
v 2.1 74 10
v 2.028 74 10.544
v 1.819 74 11.05
v 1.485 74 11.485
v 1.05 74 11.819
v 0.544 74 12.028
v 41.044 74 -12.028
v 41.55 74 -11.819
v 41.985 74 -11.485
v 42.319 74 -11.05
v 42.528 74 -10.544
v 42.6 74 -10
v 42.528 74 -9.456
v 42.319 74 -8.95
v 41.985 74 -8.515
v 41.55 74 -8.181
v 41.044 74 -7.972
v 41.044 74 7.972
v 41.55 74 8.181
v 41.985 74 8.515
v 42.319 74 8.95
v 42.528 74 9.456
v 42.6 74 10
v 42.528 74 10.544
v 42.319 74 11.05
v 41.985 74 11.485
v 41.55 74 11.819
v 41.044 74 12.028
v 51 76.609 4.137
v 51 77.642 3.709
v 51 78.529 3.029
v 51 79.209 2.142
v 51 79.637 1.109
v 51 79.783 0
v 51 79.637 -1.109
v 51 79.209 -2.141
v 51 78.529 -3.029
v 51 77.642 -3.709
v 51 76.609 -4.137
v 51 78 0
v 51 77.915 -0.647
v 51 77.665 -1.25
v 51 77.268 -1.768
v 51 76.75 -2.165
v 51 76.147 -2.415
v 51 77.915 0.647
v 51 77.665 1.25
v 51 77.268 1.768
v 51 76.75 2.165
v 51 76.147 2.415
v -34 76.147 -2.415
v -34 76.75 -2.165
v -34 77.268 -1.768
v -34 77.665 -1.25
v -34 77.915 -0.647
v -34 78 0
v -34 77.915 0.647
v -34 77.665 1.25
v -34 77.268 1.768
v -34 76.75 2.165
v -34 76.147 2.415
v 7.828 73.047 0.474
v 8.474 73.007 0.172
v 8 73.002 0
v 8.646 73.019 -0.303
v 8.171 73.046 -0.474
v 7.526 73.007 -0.171
v 7.354 73.02 0.303
v -32.672 73.047 0.474
v -32.026 73.007 0.172
v -32.5 73.002 0
v -31.854 73.019 -0.303
v -32.329 73.046 -0.474
v -32.974 73.007 -0.171
v -33.146 73.02 0.303
v 48.328 73.047 0.474
v 48.974 73.007 0.172
v 48.5 73.002 0
v 49.146 73.019 -0.303
v 48.671 73.046 -0.474
v 48.026 73.007 -0.171
v 47.854 73.02 0.303
v 55.94 20.439 4.2
v 56.004 21.243 3.955
v 56.1 21.982 3.559
v 56.211 22.628 3.029
v 56.321 23.159 2.382
v 56.415 23.555 1.644
v 56.477 23.8 0.839
v 56.5 23.883 0
v 56.477 23.8 -0.839
v 56.415 23.555 -1.644
v 56.321 23.159 -2.382
v 56.211 22.628 -3.029
v 56.099 21.982 -3.559
v 56.004 21.244 -3.955
v 55.94 20.439 -4.2
v 56.211 19.6 0
v -50.5 75.547 5.585
v -50.5 76.15 5.835
v -50.5 76.668 6.232
v -50.5 77.065 6.75
v -50.5 77.315 7.353
v -50.5 77.4 8
v -50.5 77.315 8.647
v -50.5 77.065 9.25
v -50.5 76.668 9.768
v -50.5 76.15 10.165
v -50.5 75.547 10.415
v -50.5 75.547 -10.415
v -50.5 76.15 -10.165
v -50.5 76.668 -9.768
v -50.5 77.065 -9.25
v -50.5 77.315 -8.647
v -50.5 77.4 -8
v -50.5 77.315 -7.353
v -50.5 77.065 -6.75
v -50.5 76.668 -6.232
v -50.5 76.15 -5.835
v -50.5 75.547 -5.585
v -52.5 15.547 -17.415
v -52.5 16.15 -17.165
v -52.5 16.668 -16.768
v -52.5 17.065 -16.25
v -52.5 17.315 -15.647
v -52.5 17.4 -15
v -52.5 17.315 -14.353
v -52.5 17.065 -13.75
v -52.5 16.668 -13.232
v -52.5 16.15 -12.835
v -52.5 15.547 -12.585
v -52.5 15.547 12.585
v -52.5 16.15 12.835
v -52.5 16.668 13.232
v -52.5 17.065 13.75
v -52.5 17.315 14.353
v -52.5 17.4 15
v -52.5 17.315 15.647
v -52.5 17.065 16.25
v -52.5 16.668 16.768
v -52.5 16.15 17.165
v -52.5 15.547 17.415
v 56.5 4.3 -11.25
v 56.176 4.3 -11.207
v 56.5 10.2 -11.25
v 56.176 10.2 -11.207
v 55.875 10.2 -11.083
v 55.875 4.3 -11.083
v 55.616 4.3 -10.884
v 55.616 10.2 -10.884
v 55.417 4.3 -10.625
v 55.417 10.2 -10.625
v 55.293 4.3 -10.324
v 55.293 10.2 -10.324
v 55.25 10.2 -10
v 55.25 4.3 -10
v 55.293 4.3 -9.676
v 55.293 10.2 -9.676
v 55.417 4.3 -9.375
v 55.417 10.2 -9.375
v 55.616 10.2 -9.116
v 55.616 4.3 -9.116
v 55.875 4.3 -8.917
v 55.875 10.2 -8.917
v 56.176 4.3 -8.793
v 56.176 10.2 -8.793
v 56.5 10.2 -8.75
v 56.5 4.3 -8.75
v 57.707 4.3 -10.324
v 57.707 4.3 -9.676
v 57.583 4.3 -10.625
v 57.583 4.3 -9.375
v 57.384 4.3 -10.884
v 57.384 4.3 -9.116
v 57.125 4.3 -11.083
v 57.125 4.3 -8.917
v 56.824 4.3 -11.207
v 56.824 4.3 -8.793
v 57.75 4.3 -10
v 57.707 10.2 -9.676
v 57.707 10.2 -10.324
v 57.583 10.2 -9.375
v 57.583 10.2 -10.625
v 57.384 10.2 -9.116
v 57.384 10.2 -10.884
v 57.125 10.2 -8.917
v 57.125 10.2 -11.083
v 56.824 10.2 -8.793
v 56.824 10.2 -11.207
v 57.75 10.2 -10
v 20 4.3 -11.25
v 19.676 4.3 -11.207
v 20 10.2 -11.25
v 19.676 10.2 -11.207
v 19.375 10.2 -11.083
v 19.375 4.3 -11.083
v 19.116 4.3 -10.884
v 19.116 10.2 -10.884
v 18.917 4.3 -10.625
v 18.917 10.2 -10.625
v 18.793 4.3 -10.324
v 18.793 10.2 -10.324
v 18.75 10.2 -10
v 18.75 4.3 -10
v 18.793 4.3 -9.676
v 18.793 10.2 -9.676
v 18.917 4.3 -9.375
v 18.917 10.2 -9.375
v 19.116 10.2 -9.116
v 19.116 4.3 -9.116
v 19.375 4.3 -8.917
v 19.375 10.2 -8.917
v 19.676 4.3 -8.793
v 19.676 10.2 -8.793
v 20 10.2 -8.75
v 20 4.3 -8.75
v 21.207 4.3 -10.324
v 21.207 4.3 -9.676
v 21.083 4.3 -10.625
v 21.083 4.3 -9.375
v 20.884 4.3 -10.884
v 20.884 4.3 -9.116
v 20.625 4.3 -11.083
v 20.625 4.3 -8.917
v 20.324 4.3 -11.207
v 20.324 4.3 -8.793
v 21.25 4.3 -10
v 21.207 10.2 -9.676
v 21.207 10.2 -10.324
v 21.083 10.2 -9.375
v 21.083 10.2 -10.625
v 20.884 10.2 -9.116
v 20.884 10.2 -10.884
v 20.625 10.2 -8.917
v 20.625 10.2 -11.083
v 20.324 10.2 -8.793
v 20.324 10.2 -11.207
v 21.25 10.2 -10
v -20 4.3 -11.25
v -20.324 4.3 -11.207
v -20 10.2 -11.25
v -20.324 10.2 -11.207
v -20.625 10.2 -11.083
v -20.625 4.3 -11.083
v -20.884 4.3 -10.884
v -20.884 10.2 -10.884
v -21.083 4.3 -10.625
v -21.083 10.2 -10.625
v -21.207 4.3 -10.324
v -21.207 10.2 -10.324
v -21.25 10.2 -10
v -21.25 4.3 -10
v -21.207 4.3 -9.676
v -21.207 10.2 -9.676
v -21.083 4.3 -9.375
v -21.083 10.2 -9.375
v -20.884 10.2 -9.116
v -20.884 4.3 -9.116
v -20.625 4.3 -8.917
v -20.625 10.2 -8.917
v -20.324 4.3 -8.793
v -20.324 10.2 -8.793
v -20 10.2 -8.75
v -20 4.3 -8.75
v -18.793 4.3 -10.324
v -18.793 4.3 -9.676
v -18.917 4.3 -10.625
v -18.917 4.3 -9.375
v -19.116 4.3 -10.884
v -19.116 4.3 -9.116
v -19.375 4.3 -11.083
v -19.375 4.3 -8.917
v -19.676 4.3 -11.207
v -19.676 4.3 -8.793
v -18.75 4.3 -10
v -18.793 10.2 -9.676
v -18.793 10.2 -10.324
v -18.917 10.2 -9.375
v -18.917 10.2 -10.625
v -19.116 10.2 -9.116
v -19.116 10.2 -10.884
v -19.375 10.2 -8.917
v -19.375 10.2 -11.083
v -19.676 10.2 -8.793
v -19.676 10.2 -11.207
v -18.75 10.2 -10
v -56.5 4.3 -11.25
v -56.824 4.3 -11.207
v -56.5 10.2 -11.25
v -56.824 10.2 -11.207
v -57.125 10.2 -11.083
v -57.125 4.3 -11.083
v -57.384 4.3 -10.884
v -57.384 10.2 -10.884
v -57.583 4.3 -10.625
v -57.583 10.2 -10.625
v -57.707 4.3 -10.324
v -57.707 10.2 -10.324
v -57.75 10.2 -10
v -57.75 4.3 -10
v -57.707 4.3 -9.676
v -57.707 10.2 -9.676
v -57.583 4.3 -9.375
v -57.583 10.2 -9.375
v -57.384 10.2 -9.116
v -57.384 4.3 -9.116
v -57.125 4.3 -8.917
v -57.125 10.2 -8.917
v -56.824 4.3 -8.793
v -56.824 10.2 -8.793
v -56.5 10.2 -8.75
v -56.5 4.3 -8.75
v -55.293 4.3 -10.324
v -55.293 4.3 -9.676
v -55.417 4.3 -10.625
v -55.417 4.3 -9.375
v -55.616 4.3 -10.884
v -55.616 4.3 -9.116
v -55.875 4.3 -11.083
v -55.875 4.3 -8.917
v -56.176 4.3 -11.207
v -56.176 4.3 -8.793
v -55.25 4.3 -10
v -55.293 10.2 -9.676
v -55.293 10.2 -10.324
v -55.417 10.2 -9.375
v -55.417 10.2 -10.625
v -55.616 10.2 -9.116
v -55.616 10.2 -10.884
v -55.875 10.2 -8.917
v -55.875 10.2 -11.083
v -56.176 10.2 -8.793
v -56.176 10.2 -11.207
v -55.25 10.2 -10
v -56.5 4.3 8.75
v -56.824 4.3 8.793
v -56.5 10.2 8.75
v -56.824 10.2 8.793
v -57.125 10.2 8.917
v -57.125 4.3 8.917
v -57.384 4.3 9.116
v -57.384 10.2 9.116
v -57.583 4.3 9.375
v -57.583 10.2 9.375
v -57.707 4.3 9.676
v -57.707 10.2 9.676
v -57.75 10.2 10
v -57.75 4.3 10
v -57.707 4.3 10.324
v -57.707 10.2 10.324
v -57.583 4.3 10.625
v -57.583 10.2 10.625
v -57.384 10.2 10.884
v -57.384 4.3 10.884
v -57.125 4.3 11.083
v -57.125 10.2 11.083
v -56.824 4.3 11.207
v -56.824 10.2 11.207
v -56.5 10.2 11.25
v -56.5 4.3 11.25
v -55.293 4.3 9.676
v -55.293 4.3 10.324
v -55.417 4.3 9.375
v -55.417 4.3 10.625
v -55.616 4.3 9.116
v -55.616 4.3 10.884
v -55.875 4.3 8.917
v -55.875 4.3 11.083
v -56.176 4.3 8.793
v -56.176 4.3 11.207
v -55.25 4.3 10
v -55.293 10.2 10.324
v -55.293 10.2 9.676
v -55.417 10.2 10.625
v -55.417 10.2 9.375
v -55.616 10.2 10.884
v -55.616 10.2 9.116
v -55.875 10.2 11.083
v -55.875 10.2 8.917
v -56.176 10.2 11.207
v -56.176 10.2 8.793
v -55.25 10.2 10
v -20 4.3 8.75
v -20.324 4.3 8.793
v -20 10.2 8.75
v -20.324 10.2 8.793
v -20.625 10.2 8.917
v -20.625 4.3 8.917
v -20.884 4.3 9.116
v -20.884 10.2 9.116
v -21.083 4.3 9.375
v -21.083 10.2 9.375
v -21.207 4.3 9.676
v -21.207 10.2 9.676
v -21.25 10.2 10
v -21.25 4.3 10
v -21.207 4.3 10.324
v -21.207 10.2 10.324
v -21.083 4.3 10.625
v -21.083 10.2 10.625
v -20.884 10.2 10.884
v -20.884 4.3 10.884
v -20.625 4.3 11.083
v -20.625 10.2 11.083
v -20.324 4.3 11.207
v -20.324 10.2 11.207
v -20 10.2 11.25
v -20 4.3 11.25
v -18.793 4.3 9.676
v -18.793 4.3 10.324
v -18.917 4.3 9.375
v -18.917 4.3 10.625
v -19.116 4.3 9.116
v -19.116 4.3 10.884
v -19.375 4.3 8.917
v -19.375 4.3 11.083
v -19.676 4.3 8.793
v -19.676 4.3 11.207
v -18.75 4.3 10
v -18.793 10.2 10.324
v -18.793 10.2 9.676
v -18.917 10.2 10.625
v -18.917 10.2 9.375
v -19.116 10.2 10.884
v -19.116 10.2 9.116
v -19.375 10.2 11.083
v -19.375 10.2 8.917
v -19.676 10.2 11.207
v -19.676 10.2 8.793
v -18.75 10.2 10
v 20 4.3 8.75
v 19.676 4.3 8.793
v 20 10.2 8.75
v 19.676 10.2 8.793
v 19.375 10.2 8.917
v 19.375 4.3 8.917
v 19.116 4.3 9.116
v 19.116 10.2 9.116
v 18.917 4.3 9.375
v 18.917 10.2 9.375
v 18.793 4.3 9.676
v 18.793 10.2 9.676
v 18.75 10.2 10
v 18.75 4.3 10
v 18.793 4.3 10.324
v 18.793 10.2 10.324
v 18.917 4.3 10.625
v 18.917 10.2 10.625
v 19.116 10.2 10.884
v 19.116 4.3 10.884
v 19.375 4.3 11.083
v 19.375 10.2 11.083
v 19.676 4.3 11.207
v 19.676 10.2 11.207
v 20 10.2 11.25
v 20 4.3 11.25
v 21.207 4.3 9.676
v 21.207 4.3 10.324
v 21.083 4.3 9.375
v 21.083 4.3 10.625
v 20.884 4.3 9.116
v 20.884 4.3 10.884
v 20.625 4.3 8.917
v 20.625 4.3 11.083
v 20.324 4.3 8.793
v 20.324 4.3 11.207
v 21.25 4.3 10
v 21.207 10.2 10.324
v 21.207 10.2 9.676
v 21.083 10.2 10.625
v 21.083 10.2 9.375
v 20.884 10.2 10.884
v 20.884 10.2 9.116
v 20.625 10.2 11.083
v 20.625 10.2 8.917
v 20.324 10.2 11.207
v 20.324 10.2 8.793
v 21.25 10.2 10
v 56.5 4.3 8.75
v 56.176 4.3 8.793
v 56.5 10.2 8.75
v 56.176 10.2 8.793
v 55.875 10.2 8.917
v 55.875 4.3 8.917
v 55.616 4.3 9.116
v 55.616 10.2 9.116
v 55.417 4.3 9.375
v 55.417 10.2 9.375
v 55.293 4.3 9.676
v 55.293 10.2 9.676
v 55.25 10.2 10
v 55.25 4.3 10
v 55.293 4.3 10.324
v 55.293 10.2 10.324
v 55.417 4.3 10.625
v 55.417 10.2 10.625
v 55.616 10.2 10.884
v 55.616 4.3 10.884
v 55.875 4.3 11.083
v 55.875 10.2 11.083
v 56.176 4.3 11.207
v 56.176 10.2 11.207
v 56.5 10.2 11.25
v 56.5 4.3 11.25
v 57.707 4.3 9.676
v 57.707 4.3 10.324
v 57.583 4.3 9.375
v 57.583 4.3 10.625
v 57.384 4.3 9.116
v 57.384 4.3 10.884
v 57.125 4.3 8.917
v 57.125 4.3 11.083
v 56.824 4.3 8.793
v 56.824 4.3 11.207
v 57.75 4.3 10
v 57.707 10.2 10.324
v 57.707 10.2 9.676
v 57.583 10.2 10.625
v 57.583 10.2 9.375
v 57.384 10.2 10.884
v 57.384 10.2 9.116
v 57.125 10.2 11.083
v 57.125 10.2 8.917
v 56.824 10.2 11.207
v 56.824 10.2 8.793
v 57.75 10.2 10
vn 0 0 -1
vn 0 0.173 -0.985
vn 0 0.259 -0.966
vn 0 0.336 -0.942
vn 0 0.5 -0.866
vn 0 0.485 -0.875
vn 0 0.615 -0.789
vn 0 0.707 -0.707
vn 0 0.725 -0.689
vn 0 0.817 -0.577
vn 0 0.866 -0.5
vn 0 0.945 -0.328
vn 0 0.966 -0.259
vn 0 0.995 -0.096
vn 0 1 0
vn 0 0.99 0.142
vn 0 0.966 0.259
vn 0 0.929 0.371
vn 0 0.866 0.5
vn 0 0.815 0.58
vn 0 0.707 0.707
vn 0 0.655 0.756
vn 0 0.5 0.866
vn 0 0.458 0.889
vn 0 0.259 0.966
vn 0 0.236 0.972
vn 0 0 1
vn 0 0.236 -0.972
vn 0 0.458 -0.889
vn 0 0.655 -0.756
vn 0 0.815 -0.58
vn 0 0.929 -0.371
vn 0 0.99 -0.142
vn 0 0.995 0.096
vn 0 0.945 0.328
vn 0 0.817 0.576
vn 0 0.725 0.689
vn 0 0.614 0.789
vn 0 0.484 0.875
vn 0 0.336 0.942
vn 0 0.172 0.985
vn 0 0.196 0.981
vn 0 0.384 0.923
vn 0 0.556 0.831
vn 0 0.831 0.556
vn 0 0.923 0.384
vn 0 0.981 0.196
vn 0 0.981 -0.196
vn 0 0.923 -0.384
vn 0 0.831 -0.556
vn 0 0.556 -0.831
vn 0 0.384 -0.923
vn 0 0.196 -0.981
vn 0 0.917 0.4
vn 0 0.919 0.395
vn 0 0.958 0.288
vn 0 0.945 0.327
vn 0 0.934 0.358
vn 0 0.924 0.381
vn 0 0.999 0.033
vn 0 0.996 0.085
vn 0 0.991 0.136
vn 0 0.981 0.192
vn 0 0.97 0.243
vn 0 0.967 -0.256
vn 0 0.985 -0.17
vn 0 0.993 -0.122
vn 0 0.997 -0.072
vn 0 1 -0.02
vn 0 0.919 -0.394
vn 0 0.927 -0.376
vn 0 0.935 -0.355
vn 0 0.945 -0.327
vn 0 0.917 -0.4
vn 0 0.919 -0.395
vn 0 0.924 -0.381
vn 0 0.934 -0.358
vn 0 0.957 -0.288
vn 0 0.97 -0.243
vn 0 0.981 -0.192
vn 0 0.991 -0.136
vn 0 0.999 -0.033
vn 0 0.996 -0.086
vn 0 0.967 0.256
vn 0 0.985 0.17
vn 0 0.993 0.122
vn 0 0.997 0.072
vn 0 1 0.02
vn 0 0.919 0.394
vn 0 0.927 0.376
vn 0 0.935 0.355
vn 0.857 0 -0.515
vn 0.857 0.133 -0.497
vn 0.857 0.067 -0.511
vn 0.857 0.258 -0.446
vn 0.857 0.364 -0.364
vn 0.857 0.197 -0.476
vn 0.857 0.446 -0.258
vn 0.857 0.314 -0.409
vn 0.857 0.497 -0.133
vn 0.857 0.515 0
vn 0.857 0.409 -0.314
vn 0.857 0.497 0.133
vn 0.857 0.514 -0.024
vn 0.857 0.446 0.258
vn 0.857 0.364 0.364
vn 0.857 0.511 0.067
vn 0.857 0.258 0.446
vn 0.857 0.409 0.314
vn 0.857 0.133 0.497
vn 0.857 0 0.515
vn 0.857 0.314 0.409
vn 0 0.857 0.515
vn 0.133 0.857 0.497
vn 0.067 0.857 0.511
vn 0.258 0.857 0.446
vn 0.364 0.857 0.364
vn 0.197 0.857 0.476
vn 0.446 0.857 0.258
vn 0.314 0.857 0.409
vn 0.497 0.857 0.133
vn 0.515 0.857 0
vn 0.409 0.857 0.314
vn 0.497 0.857 -0.133
vn 0.514 0.857 0.024
vn 0.446 0.857 -0.258
vn 0.364 0.857 -0.364
vn 0.511 0.857 -0.067
vn 0.258 0.857 -0.446
vn 0.409 0.857 -0.314
vn 0.133 0.857 -0.497
vn 0 0.857 -0.515
vn 0.314 0.857 -0.409
vn 0.259 0 -0.966
vn 0.5 0 -0.866
vn 0.707 0 -0.707
vn 0.866 0 -0.5
vn 0.966 0 -0.259
vn 1 0 0
vn 0.966 0 0.259
vn 0.866 0 0.5
vn 0.707 0 0.707
vn 0.5 0 0.866
vn 0.259 0 0.966
vn 0.515 0 0.857
vn 0.497 0.133 0.857
vn 0.511 0.067 0.857
vn 0.446 0.258 0.857
vn 0.364 0.364 0.857
vn 0.476 0.197 0.857
vn 0.258 0.446 0.857
vn 0.409 0.314 0.857
vn 0.133 0.497 0.857
vn 0 0.515 0.857
vn 0.314 0.409 0.857
vn -0.133 0.497 0.857
vn 0.024 0.514 0.857
vn -0.258 0.446 0.857
vn -0.364 0.364 0.857
vn -0.067 0.511 0.857
vn -0.446 0.258 0.857
vn -0.314 0.409 0.857
vn -0.497 0.133 0.857
vn -0.515 0 0.857
vn -0.409 0.314 0.857
vn -1 0 0
vn -0.966 0.259 0
vn -0.866 0.5 0
vn -0.707 0.707 0
vn -0.5 0.866 0
vn -0.259 0.966 0
vn 0.259 0.966 0
vn 0.5 0.866 0
vn 0.707 0.707 0
vn 0.866 0.5 0
vn 0.966 0.259 0
vn -0.216 0 -0.976
vn -0.259 0 -0.966
vn -0.422 0 -0.906
vn -0.5 0 -0.866
vn -0.608 0 -0.794
vn -0.707 0 -0.707
vn -0.732 0 -0.682
vn -0.845 0 -0.535
vn -0.866 0 -0.5
vn -0.935 0 -0.353
vn -0.966 0 -0.259
vn -0.99 0 -0.142
vn -0.996 0 0.089
vn -0.966 0 0.259
vn -0.947 0 0.321
vn -0.866 0 0.5
vn -0.845 0 0.535
vn -0.707 0 0.707
vn -0.7 0 0.715
vn -0.527 0 0.85
vn -0.5 0 0.866
vn -0.345 0 0.939
vn -0.259 0 0.966
vn -0.166 0 0.986
vn 0.216 0 0.976
vn 0.422 0 0.906
vn 0.608 0 0.794
vn 0.732 0 0.682
vn 0.845 0 0.535
vn 0.935 0 0.353
vn 0.99 0 0.142
vn 0.996 0 -0.089
vn 0.947 0 -0.321
vn 0.845 0 -0.535
vn 0.7 0 -0.715
vn 0.527 0 -0.85
vn 0.345 0 -0.939
vn 0.166 0 -0.986
vn 0.879 0 0.477
vn 0.879 0 -0.477
vn -0.879 0 -0.477
vn -0.879 0 0.477
vn 0 -1 0
vn -0.643 0 -0.766
vn -0.727 0 -0.686
vn -0.766 0 -0.643
vn -0.766 0 0.643
vn -0.643 0 0.766
vn 0.643 0 0.766
vn 0.766 0 0.643
vn 0.766 0 -0.643
vn 0.727 0 -0.686
vn 0.643 0 -0.766
vn -0.62 0 -0.784
vn -0.679 0 -0.734
vn -0.734 0 -0.679
vn -0.784 0 -0.62
vn 0.784 0 -0.62
vn 0.734 0 -0.679
vn 0.679 0 -0.734
vn 0.62 0 -0.784
vn 0.62 0 0.784
vn 0.679 0 0.734
vn 0.734 0 0.679
vn 0.784 0 0.62
vn -0.784 0 0.62
vn -0.734 0 0.679
vn -0.679 0 0.734
vn -0.62 0 0.784
vn 0.979 0.202 0
vn 0.919 0.394 0
vn 0.823 0.568 0
vn 0.696 0.718 0
vn 0.545 0.839 0
vn 0.374 0.928 0
vn 0.373 0.928 0
vn 0.19 0.982 0
vn 0.189 0.982 0
vn 0.678 0.361 -0.64
vn 0.75 0.202 -0.63
vn 0.704 0.394 -0.591
vn 0.538 0.674 -0.507
vn 0.631 0.568 -0.529
vn 0.324 0.895 -0.306
vn 0.534 0.718 -0.447
vn 0.418 0.839 -0.349
vn 0.067 0.996 -0.063
vn 0.286 0.928 -0.239
vn 0.145 0.982 -0.121
vn 0.121 0.982 -0.145
vn 0.239 0.928 -0.286
vn 0.349 0.839 -0.418
vn 0.447 0.718 -0.534
vn 0.529 0.568 -0.631
vn 0.591 0.394 -0.704
vn 0.63 0.202 -0.75
vn 0.146 0.982 0.122
vn 0.287 0.928 0.24
vn 0.059 0.996 0.071
vn 0.418 0.839 0.35
vn 0.287 0.895 0.341
vn 0.534 0.718 0.447
vn 0.631 0.568 0.529
vn 0.475 0.674 0.566
vn 0.704 0.394 0.591
vn 0.75 0.202 0.63
vn 0.63 0.202 0.75
vn 0.599 0.361 0.714
vn 0.591 0.394 0.704
vn 0.529 0.568 0.631
vn 0.447 0.718 0.534
vn 0.35 0.839 0.418
vn 0.24 0.928 0.287
vn 0.122 0.982 0.146
vn 0 0.202 -0.979
vn 0 0.394 -0.919
vn 0 0.568 -0.823
vn 0 0.718 -0.696
vn 0 0.839 -0.545
vn 0 0.928 -0.373
vn 0 0.982 -0.189
vn 0 0.982 0.19
vn 0 0.928 0.374
vn 0 0.839 0.545
vn 0 0.718 0.696
vn 0 0.568 0.823
vn 0 0.394 0.919
vn 0 0.202 0.979
vn -0.678 0.361 -0.64
vn -0.63 0.202 -0.75
vn -0.591 0.394 -0.704
vn -0.538 0.674 -0.507
vn -0.529 0.568 -0.631
vn -0.324 0.895 -0.306
vn -0.447 0.718 -0.534
vn -0.349 0.839 -0.418
vn -0.067 0.996 -0.063
vn -0.239 0.928 -0.286
vn -0.121 0.982 -0.145
vn -0.145 0.982 -0.121
vn -0.286 0.928 -0.239
vn -0.418 0.839 -0.349
vn -0.534 0.718 -0.447
vn -0.631 0.568 -0.529
vn -0.704 0.394 -0.591
vn -0.75 0.202 -0.63
vn -0.122 0.982 0.146
vn -0.059 0.996 0.071
vn -0.287 0.928 0.24
vn -0.418 0.839 0.35
vn -0.24 0.928 0.287
vn -0.287 0.895 0.341
vn -0.534 0.718 0.447
vn -0.35 0.839 0.418
vn -0.447 0.718 0.534
vn -0.475 0.674 0.566
vn -0.529 0.568 0.631
vn -0.591 0.394 0.704
vn -0.599 0.361 0.714
vn -0.63 0.202 0.75
vn -0.75 0.202 0.63
vn -0.704 0.394 0.591
vn -0.631 0.568 0.529
vn -0.146 0.982 0.122
vn -0.979 0.202 0
vn -0.919 0.394 0
vn -0.823 0.568 0
vn -0.696 0.718 0
vn -0.545 0.839 0
vn -0.374 0.928 0
vn -0.373 0.928 0
vn -0.189 0.982 0
vn -0.19 0.982 0
vn -0.678 -0.361 -0.64
vn -0.75 -0.202 -0.63
vn -0.704 -0.394 -0.591
vn -0.538 -0.674 -0.507
vn -0.631 -0.568 -0.529
vn -0.324 -0.895 -0.306
vn -0.534 -0.718 -0.447
vn -0.418 -0.839 -0.35
vn -0.067 -0.996 -0.063
vn -0.287 -0.928 -0.24
vn -0.146 -0.982 -0.122
vn -0.121 -0.982 -0.145
vn -0.239 -0.928 -0.286
vn -0.349 -0.839 -0.418
vn -0.447 -0.718 -0.534
vn -0.529 -0.568 -0.631
vn -0.591 -0.394 -0.704
vn -0.63 -0.202 -0.75
vn 0 -0.202 -0.979
vn 0 -0.394 -0.919
vn 0 -0.568 -0.823
vn 0 -0.718 -0.696
vn 0 -0.839 -0.545
vn 0 -0.928 -0.373
vn 0 -0.982 -0.189
vn -0.19 -0.982 0
vn -0.374 -0.928 0
vn -0.545 -0.839 0
vn -0.696 -0.718 0
vn -0.823 -0.568 0
vn -0.919 -0.394 0
vn -0.979 -0.202 0
vn 0.678 -0.361 -0.64
vn 0.63 -0.202 -0.75
vn 0.591 -0.394 -0.704
vn 0.538 -0.674 -0.507
vn 0.529 -0.568 -0.631
vn 0.324 -0.895 -0.306
vn 0.447 -0.718 -0.534
vn 0.349 -0.839 -0.418
vn 0.067 -0.996 -0.063
vn 0.239 -0.928 -0.286
vn 0.121 -0.982 -0.145
vn 0.145 -0.982 -0.121
vn 0.286 -0.928 -0.239
vn 0.418 -0.839 -0.349
vn 0.534 -0.718 -0.447
vn 0.631 -0.568 -0.529
vn 0.704 -0.394 -0.591
vn 0.75 -0.202 -0.63
vn -0.146 -0.982 0.122
vn -0.287 -0.928 0.24
vn -0.059 -0.996 0.071
vn -0.418 -0.839 0.35
vn -0.287 -0.895 0.341
vn -0.534 -0.718 0.447
vn -0.631 -0.568 0.529
vn -0.475 -0.674 0.566
vn -0.704 -0.394 0.591
vn -0.75 -0.202 0.63
vn -0.63 -0.202 0.75
vn -0.599 -0.361 0.714
vn -0.591 -0.394 0.704
vn -0.529 -0.568 0.631
vn -0.447 -0.718 0.534
vn -0.35 -0.839 0.418
vn -0.24 -0.928 0.287
vn -0.122 -0.982 0.146
vn 0.979 -0.202 0
vn 0.919 -0.394 0
vn 0.823 -0.568 0
vn 0.696 -0.718 0
vn 0.545 -0.839 0
vn 0.373 -0.928 0
vn 0.189 -0.982 0
vn 0 -0.982 0.19
vn 0 -0.928 0.374
vn 0 -0.839 0.545
vn 0 -0.718 0.696
vn 0 -0.568 0.823
vn 0 -0.394 0.919
vn 0 -0.202 0.979
vn 0.75 -0.202 0.63
vn 0.63 -0.202 0.75
vn 0.599 -0.361 0.714
vn 0.704 -0.394 0.591
vn 0.475 -0.674 0.566
vn 0.631 -0.568 0.529
vn 0.287 -0.895 0.341
vn 0.534 -0.718 0.447
vn 0.418 -0.839 0.349
vn 0.059 -0.996 0.071
vn 0.286 -0.928 0.239
vn 0.145 -0.982 0.121
vn 0.122 -0.982 0.146
vn 0.24 -0.928 0.287
vn 0.35 -0.839 0.418
vn 0.447 -0.718 0.534
vn 0.529 -0.568 0.631
vn 0.591 -0.394 0.704
vn -0.594 0 0.805
vn -0.626 0 0.78
vn -0.656 0 0.754
vn -0.686 0 0.727
vn 0.686 0 0.727
vn 0.656 0 0.754
vn 0.626 0 0.78
vn 0.594 0 0.805
vn -0.686 0 -0.727
vn -0.656 0 -0.754
vn -0.626 0 -0.78
vn -0.594 0 -0.805
vn 0.594 0 -0.805
vn 0.626 0 -0.78
vn 0.656 0 -0.754
vn 0.686 0 -0.727
vn 0.223 0 0.975
vn -0.223 0 0.975
vn -0.249 0 0.968
vn -0.434 0 0.901
vn -0.483 0 0.876
vn -0.624 0 0.781
vn -0.721 0 0.692
vn 0.249 0 0.968
vn 0.434 0 0.901
vn 0.483 0 0.876
vn 0.624 0 0.781
vn 0.721 0 0.692
vn 0.698 0 0.716
vn 0.71 0 0.704
vn -0.71 0 0.704
vn -0.698 0 0.716
vn 0.9 0 -0.436
vn 0.98 0 -0.197
vn 0.999 0 0.054
vn 0.953 0 0.302
vn 0.848 0 0.531
vn 0.688 0 0.726
vn 0.485 0 0.875
vn 0.251 0 0.968
vn -0.251 0 0.968
vn -0.485 0 0.875
vn -0.688 0 0.726
vn -0.848 0 0.531
vn -0.953 0 0.302
vn -0.999 0 0.054
vn -0.98 0 -0.197
vn -0.9 0 -0.436
vn 0.982 0 0.188
vn 0.968 0 0.252
vn 0.928 0 0.373
vn 0.873 0 0.488
vn 0.839 0 0.544
vn -0.839 0 0.544
vn -0.873 0 0.488
vn -0.928 0 0.373
vn -0.968 0 0.252
vn -0.982 0 0.188
vn 0 -0.866 0.5
vn -0.166 0 -0.986
vn -0.345 0 -0.939
vn -0.527 0 -0.85
vn -0.7 0 -0.715
vn -0.947 0 -0.321
vn -0.996 0 -0.089
vn -0.99 0 0.142
vn -0.935 0 0.353
vn -0.732 0 0.682
vn -0.608 0 0.794
vn -0.422 0 0.906
vn -0.216 0 0.976
vn 0.698 0 -0.716
vn 0.71 0 -0.704
vn -0.223 0 -0.975
vn 0.223 0 -0.975
vn 0.249 0 -0.968
vn 0.434 0 -0.901
vn 0.483 0 -0.876
vn 0.624 0 -0.781
vn 0.721 0 -0.692
vn -0.249 0 -0.968
vn -0.434 0 -0.901
vn -0.483 0 -0.876
vn -0.624 0 -0.781
vn -0.721 0 -0.692
vn -0.698 0 -0.716
vn -0.71 0 -0.704
vn -0.9 0 0.436
vn -0.98 0 0.197
vn -0.999 0 -0.054
vn -0.953 0 -0.302
vn -0.848 0 -0.531
vn -0.688 0 -0.726
vn -0.485 0 -0.875
vn -0.251 0 -0.968
vn 0.251 0 -0.968
vn 0.485 0 -0.875
vn 0.688 0 -0.726
vn 0.848 0 -0.531
vn 0.953 0 -0.302
vn 0.999 0 -0.054
vn 0.98 0 0.197
vn 0.9 0 0.436
vn -0.982 0 -0.188
vn -0.968 0 -0.252
vn -0.928 0 -0.373
vn -0.873 0 -0.488
vn -0.839 0 -0.544
vn 0.839 0 -0.544
vn 0.873 0 -0.488
vn 0.928 0 -0.373
vn 0.968 0 -0.252
vn 0.982 0 -0.188
vn 0 -0.866 -0.5
vn 0.166 0 0.986
vn 0.345 0 0.939
vn 0.527 0 0.85
vn 0.7 0 0.715
vn 0.947 0 0.321
vn 0.996 0 0.089
vn 0.99 0 -0.142
vn 0.935 0 -0.353
vn 0.732 0 -0.682
vn 0.608 0 -0.794
vn 0.422 0 -0.906
vn 0.216 0 -0.976
vn 0.966 -0.259 0
vn 0.866 -0.5 0
vn 0.707 -0.707 0
vn 0.5 -0.866 0
vn 0.259 -0.966 0
vn -0.259 -0.966 0
vn -0.5 -0.866 0
vn -0.707 -0.707 0
vn -0.866 -0.5 0
vn -0.966 -0.259 0
vn -0.497 -0.133 0.857
vn -0.513 -0.048 0.857
vn -0.446 -0.258 0.857
vn -0.364 -0.364 0.857
vn -0.258 -0.446 0.857
vn -0.476 -0.197 0.857
vn -0.133 -0.497 0.857
vn -0.314 -0.409 0.857
vn 0 -0.515 0.857
vn -0.197 -0.476 0.857
vn 0.133 -0.497 0.857
vn -0.067 -0.511 0.857
vn 0.258 -0.446 0.857
vn 0.067 -0.511 0.857
vn 0.364 -0.364 0.857
vn 0.197 -0.476 0.857
vn 0.446 -0.258 0.857
vn 0.497 -0.133 0.857
vn 0.314 -0.409 0.857
vn -0.764 0 0.645
vn -0.755 0 0.656
vn -0.746 0 0.666
vn -0.739 0 0.674
vn -0.733 0 0.681
vn -0.729 0 0.685
vn -0.727 0 0.686
vn -0.764 0 -0.645
vn -0.755 0 -0.656
vn -0.746 0 -0.666
vn -0.739 0 -0.674
vn -0.733 0 -0.681
vn -0.729 0 -0.685
vn -0.133 0.857 -0.497
vn -0.048 0.857 -0.513
vn -0.258 0.857 -0.446
vn -0.364 0.857 -0.364
vn -0.446 0.857 -0.258
vn -0.197 0.857 -0.476
vn -0.497 0.857 -0.133
vn -0.409 0.857 -0.314
vn -0.515 0.857 0
vn -0.476 0.857 -0.197
vn -0.497 0.857 0.133
vn -0.511 0.857 -0.067
vn -0.446 0.857 0.258
vn -0.511 0.857 0.067
vn -0.364 0.857 0.364
vn -0.476 0.857 0.197
vn -0.258 0.857 0.446
vn -0.133 0.857 0.497
vn -0.409 0.857 0.314
vn 0 -0.259 -0.966
vn 0 -0.5 -0.866
vn 0 -0.707 -0.707
vn 0 -0.966 -0.259
vn 0 -0.966 0.259
vn 0 -0.707 0.707
vn 0 -0.5 0.866
vn 0 -0.259 0.966
vn 0.857 -0.133 0.497
vn 0.857 -0.048 0.513
vn 0.857 -0.258 0.446
vn 0.857 -0.364 0.364
vn 0.857 -0.446 0.258
vn 0.857 -0.197 0.476
vn 0.857 -0.497 0.133
vn 0.857 -0.409 0.314
vn 0.857 -0.515 0
vn 0.857 -0.476 0.197
vn 0.857 -0.497 -0.133
vn 0.857 -0.511 0.067
vn 0.857 -0.446 -0.258
vn 0.857 -0.511 -0.067
vn 0.857 -0.364 -0.364
vn 0.857 -0.476 -0.197
vn 0.857 -0.258 -0.446
vn 0.857 -0.133 -0.497
vn 0.857 -0.409 -0.314
vn 0 0.92 -0.392
vn 0.001 0.918 -0.396
vn 0 0.982 -0.187
vn 0.002 0.921 -0.39
vn 0.002 0.927 -0.375
vn 0.002 0.936 -0.353
vn 0.003 0.998 -0.067
vn 0.002 0.993 0.12
vn 0 0.982 0.186
vn 0.001 0.945 0.326
vn 0.001 0.935 0.355
vn 0.002 0.946 -0.323
vn 0.002 0.958 -0.286
vn 0.001 0.97 -0.243
vn -0.001 0.991 -0.137
vn -0.001 0.996 -0.086
vn 0.001 1 0.021
vn 0.002 0.997 0.073
vn 0.002 0.993 0.122
vn 0.002 0.986 0.168
vn 0.001 0.967 0.253
vn 0.001 0.926 0.377
vn -0.001 0.917 0.398
vn -0.001 0.92 0.392
vn -0.001 0.926 0.377
vn -0.001 0.935 0.354
vn -0.002 0.946 0.324
vn -0.002 0.958 0.287
vn -0.001 0.97 0.243
vn -0.003 0.998 0.066
vn 0.001 0.991 0.137
vn 0 0.999 0.032
vn -0.001 1 -0.021
vn -0.002 0.993 -0.12
vn -0.002 0.997 -0.073
vn -0.002 0.993 -0.121
vn -0.002 0.986 -0.168
vn -0.002 0.968 -0.252
vn -0.003 0.946 -0.325
vn -0.002 0.935 -0.354
vn -0.002 0.927 -0.375
vn 0 -0.196 -0.981
vn 0 -0.384 -0.923
vn 0 -0.556 -0.831
vn 0 -0.831 -0.556
vn 0 -0.923 -0.384
vn 0 -0.981 -0.196
vn 0 -0.981 0.196
vn 0 -0.923 0.384
vn 0 -0.831 0.556
vn 0 -0.556 0.831
vn 0 -0.384 0.923
vn 0 -0.196 0.981
vn 0.991 0.029 -0.127
vn 0.992 0 -0.129
vn 0.991 -0.029 -0.127
vn 0.991 -0.055 -0.12
vn 0.991 -0.078 -0.11
vn 0.991 -0.096 -0.095
vn 0.991 -0.109 -0.076
vn 0.991 -0.119 -0.053
vn 0.992 -0.125 -0.027
vn 0.992 -0.127 0
vn 0.992 -0.125 0.027
vn 0.991 -0.119 0.053
vn 0.991 -0.109 0.076
vn 0.991 -0.096 0.094
vn 0.991 -0.078 0.109
vn 0.991 -0.055 0.12
vn 0.991 -0.029 0.127
vn 0.992 0 0.13
vn 0.991 0.029 0.127
vn 0.991 0.055 0.12
vn 0.991 0.078 0.109
vn 0.991 0.096 0.094
vn 0.991 0.109 0.076
vn 0.991 0.119 0.053
vn 0.992 0.125 0.027
vn 0.992 0.127 0
vn 0.992 0.125 -0.027
vn 0.991 0.119 -0.053
vn 0.991 0.109 -0.076
vn 0.991 0.096 -0.095
vn 0.991 0.078 -0.11
vn 0.991 0.055 -0.12
vn 0 -0.173 0.985
vn 0 -0.336 0.942
vn 0 -0.485 0.875
vn 0 -0.615 0.789
vn 0 -0.725 0.689
vn 0 -0.817 0.577
vn 0 -0.945 0.328
vn 0 -0.995 0.096
vn 0 -0.99 -0.142
vn 0 -0.929 -0.371
vn 0 -0.815 -0.58
vn 0 -0.655 -0.756
vn 0 -0.458 -0.889
vn 0 -0.236 -0.972
vn 0 -0.236 0.972
vn 0 -0.458 0.889
vn 0 -0.655 0.756
vn 0 -0.815 0.58
vn 0 -0.929 0.371
vn 0 -0.99 0.142
vn 0 -0.995 -0.096
vn 0 -0.945 -0.328
vn 0 -0.817 -0.576
vn 0 -0.725 -0.689
vn 0 -0.614 -0.789
vn 0 -0.484 -0.875
vn 0 -0.336 -0.942
vn 0 -0.172 -0.985
g 10_01_17_00566_2
usemtl 10_01_17_00566_color_1
f 57//27 58//27 59//28
f 59//28 58//27 60//29
f 59//28 60//29 61//30
f 61//30 60//29 62//31
f 61//30 62//31 63//32
f 63//32 62//31 64//33
f 62//31 65//34 64//33
f 64//33 65//34 66//35
f 66//35 65//34 67//36
f 67//36 65//34 68//37
f 67//36 68//37 69//38
f 69//38 68//37 70//39
f 69//38 70//39 71//40
f 71//40 70//39 72//41
f 71//40 72//41 73//42
f 73//42 72//41 74//43
f 73//42 74//43 75//44
f 75//44 74//43 76//45
f 75//44 76//45 77//46
f 77//46 76//45 78//47
f 77//46 78//47 79//48
f 79//48 78//47 80//49
f 79//48 80//49 81//50
f 81//50 80//49 82//51
f 81//50 82//51 83//52
f 83//52 82//51 84//53
f 82//51 85//53 84//53
f 86//27 87//29 88//27
f 88//27 87//29 89//54
f 89//54 87//29 90//55
f 90//55 87//29 91//31
f 90//55 91//31 92//56
f 92//56 91//31 93//34
f 92//56 93//34 94//57
f 94//57 93//34 95//37
f 94//57 95//37 96//58
f 96//58 95//37 97//39
f 96//58 97//39 98//59
f 98//59 97//39 99//41
f 98//59 99//41 100//60
f 100//60 99//41 101//43
f 100//60 101//43 102//61
f 102//61 101//43 103//45
f 102//61 103//45 104//62
f 104//62 103//45 105//47
f 104//62 105//47 106//63
f 106//63 105//47 107//64
f 105//47 108//49 107//64
f 107//64 108//49 109//65
f 109//65 108//49 110//66
f 110//66 108//49 111//51
f 110//66 111//51 112//67
f 112//67 111//51 113//53
f 112//67 113//53 114//53
f 115//27 116//29 117//27
f 117//27 116//29 118//29
f 118//29 116//29 119//31
f 119//31 116//29 120//31
f 119//31 120//31 121//34
f 119//31 121//34 122//34
f 122//34 121//34 123//37
f 122//34 123//37 124//37
f 124//37 123//37 125//39
f 124//37 125//39 126//39
f 126//39 125//39 127//41
f 125//39 128//41 127//41
f 127//41 128//41 129//43
f 127//41 129//43 130//43
f 130//43 129//43 131//45
f 130//43 131//45 132//45
f 132//45 131//45 133//47
f 131//45 134//47 133//47
f 133//47 134//47 135//49
f 133//47 135//49 136//49
f 136//49 135//49 137//51
f 136//49 137//51 138//51
f 138//51 137//51 139//53
f 137//51 140//53 139//53
f 141//27 142//29 143//27
f 143//27 142//29 144//29
f 144//29 142//29 145//31
f 145//31 142//29 146//31
f 145//31 146//31 147//34
f 145//31 147//34 148//34
f 148//34 147//34 149//37
f 148//34 149//37 150//37
f 150//37 149//37 151//39
f 150//37 151//39 152//39
f 152//39 151//39 153//41
f 151//39 154//41 153//41
f 153//41 154//41 155//43
f 153//41 155//43 156//43
f 156//43 155//43 157//45
f 156//43 157//45 158//45
f 158//45 157//45 159//47
f 157//45 160//47 159//47
f 159//47 160//47 161//49
f 159//47 161//49 162//49
f 162//49 161//49 163//51
f 162//49 163//51 164//51
f 164//51 163//51 165//53
f 163//51 166//53 165//53
f 167//53 168//68 169//53
f 169//53 168//68 170//51
f 168//68 171//69 170//51
f 170//51 171//69 172//49
f 171//69 173//70 172//49
f 172//49 173//70 174//47
f 173//70 175//47 174//47
f 174//47 175//47 176//71
f 174//47 176//71 177//45
f 177//45 176//71 178//72
f 177//45 178//72 179//43
f 179//43 178//72 180//73
f 179//43 180//73 181//41
f 181//41 180//73 182//41
f 181//41 182//41 183//74
f 181//41 183//74 184//39
f 184//39 183//74 185//75
f 184//39 185//75 186//37
f 186//37 185//75 187//76
f 186//37 187//76 188//34
f 188//34 187//76 189//34
f 188//34 189//34 190//77
f 188//34 190//77 191//31
f 191//31 190//77 192//78
f 191//31 192//78 193//29
f 193//29 192//78 194//79
f 193//29 194//79 195//27
f 195//27 194//79 196//27
f 197//53 198//51 199//53
f 199//53 198//51 200//51
f 200//51 198//51 201//49
f 201//49 198//51 202//49
f 201//49 202//49 203//47
f 201//49 203//47 204//47
f 204//47 203//47 205//45
f 204//47 205//45 206//45
f 206//45 205//45 207//80
f 206//45 207//80 208//80
f 208//80 207//80 209//81
f 210//82 211//83 212//43
f 212//43 211//83 213//84
f 212//43 213//84 205//45
f 205//45 213//84 214//85
f 205//45 214//85 215//81
f 216//86 217//87 218//41
f 218//41 217//87 219//88
f 218//41 219//88 212//43
f 212//43 219//88 220//89
f 212//43 220//89 221//90
f 222//91 223//92 224//39
f 224//39 223//92 225//93
f 224//39 225//93 218//41
f 218//41 225//93 226//94
f 218//41 226//94 227//95
f 228//96 229//97 230//37
f 230//37 229//97 231//98
f 230//37 231//98 224//39
f 224//39 231//98 232//99
f 224//39 232//99 222//91
f 233//34 234//34 230//37
f 230//37 234//34 235//37
f 230//37 235//37 236//100
f 236//100 235//37 237//100
f 236//100 237//100 238//101
f 238//101 237//100 239//96
f 238//101 239//96 240//102
f 240//102 239//96 241//97
f 240//102 241//97 242//103
f 242//103 241//97 243//98
f 242//103 243//98 244//99
f 244//99 243//98 245//99
f 244//99 245//99 246//104
f 246//104 245//99 247//91
f 246//104 247//91 248//105
f 248//105 247//91 249//92
f 248//105 249//92 250//106
f 250//106 249//92 251//107
f 233//34 252//31 234//34
f 234//34 252//31 253//31
f 252//31 254//29 253//31
f 253//31 254//29 255//29
f 256//27 257//27 254//29
f 254//29 257//27 255//29
f 258//104 259//99 260//39
f 260//39 259//99 261//103
f 260//39 261//103 235//37
f 235//37 261//103 262//102
f 235//37 262//102 263//101
f 264//108 265//109 266//41
f 266//41 265//109 267//107
f 266//41 267//107 260//39
f 260//39 267//107 268//106
f 260//39 268//106 269//105
f 270//110 271//111 272//43
f 272//43 271//111 273//112
f 272//43 273//112 266//41
f 266//41 273//112 274//113
f 266//41 274//113 275//114
f 276//115 277//116 206//45
f 206//45 277//116 278//117
f 206//45 278//117 272//43
f 272//43 278//117 279//83
f 272//43 279//83 270//110
f 208//80 276//115 206//45
f 275//114 264//108 266//41
f 269//105 258//104 260//39
f 263//101 237//100 235//37
f 249//92 280//93 251//107
f 251//107 280//93 281//94
f 251//107 281//94 282//109
f 282//109 281//94 283//108
f 281//94 284//95 283//108
f 283//108 284//95 285//114
f 284//95 286//86 285//114
f 285//114 286//86 287//113
f 286//86 288//87 287//113
f 287//113 288//87 289//112
f 288//87 290//88 289//112
f 289//112 290//88 291//111
f 290//88 292//89 291//111
f 291//111 292//89 293//110
f 292//89 294//90 293//110
f 293//110 294//90 295//82
f 293//110 295//82 296//83
f 296//83 295//82 297//83
f 296//83 297//83 298//84
f 209//81 299//115 300//85
f 300//85 299//115 301//116
f 300//85 301//116 298//84
f 298//84 301//116 302//117
f 298//84 302//117 296//83
f 303//117 304//84 305//116
f 305//116 304//84 306//85
f 305//116 306//85 307//115
f 307//115 306//85 308//81
f 307//115 308//81 309//80
f 309//80 308//81 207//80
f 309//80 207//80 205//45
f 303//117 310//83 304//84
f 304//84 310//83 311//83
f 311//83 310//83 312//82
f 312//82 310//83 313//110
f 312//82 313//110 314//90
f 314//90 313//110 315//89
f 313//110 316//111 315//89
f 315//89 316//111 317//88
f 316//111 318//112 317//88
f 317//88 318//112 319//87
f 318//112 320//113 319//87
f 319//87 320//113 321//86
f 320//113 322//114 321//86
f 321//86 322//114 323//95
f 322//114 324//108 323//95
f 323//95 324//108 325//94
f 324//108 326//109 325//94
f 325//94 326//109 327//107
f 325//94 327//107 328//93
f 328//93 327//107 329//92
f 327//107 330//106 329//92
f 329//92 330//106 331//105
f 329//92 331//105 332//91
f 332//91 331//105 333//104
f 332//91 333//104 334//99
f 334//99 333//104 335//99
f 334//99 335//99 336//98
f 336//98 335//99 337//103
f 336//98 337//103 338//97
f 338//97 337//103 339//102
f 338//97 339//102 340//96
f 340//96 339//102 341//101
f 340//96 341//101 236//100
f 236//100 341//101 342//100
f 236//100 342//100 230//37
f 230//37 342//100 228//96
f 227//95 216//86 218//41
f 221//90 210//82 212//43
f 215//81 309//80 205//45
f 207//80 299//115 209//81
f 256//118 254//119 343//120
f 343//120 254//119 252//121
f 252//121 233//122 343//123
f 233//122 230//124 343//125
f 343//125 230//124 224//126
f 224//126 218//127 343//128
f 218//127 212//129 343//130
f 343//130 212//129 205//131
f 205//131 203//132 343//133
f 203//132 202//134 343//135
f 343//135 202//134 198//136
f 198//136 197//137 343//138
f 344//53 345//51 346//53
f 346//53 345//51 347//51
f 347//51 345//51 348//49
f 348//49 345//51 349//49
f 348//49 349//49 350//47
f 348//49 350//47 351//47
f 351//47 350//47 352//45
f 351//47 352//45 353//45
f 353//45 352//45 354//43
f 353//45 354//43 355//43
f 355//43 354//43 356//41
f 354//43 357//41 356//41
f 356//41 357//41 358//39
f 356//41 358//39 359//39
f 359//39 358//39 360//37
f 359//39 360//37 361//37
f 361//37 360//37 362//34
f 360//37 363//34 362//34
f 362//34 363//34 364//31
f 362//34 364//31 365//31
f 365//31 364//31 366//29
f 365//31 366//29 367//29
f 367//29 366//29 368//27
f 366//29 369//27 368//27
f 370//139 371//140 372//141
f 372//141 371//140 373//142
f 373//142 374//143 372//144
f 374//143 375//145 372//146
f 372//146 375//145 376//147
f 376//147 377//148 372//149
f 377//148 378//150 372//151
f 372//151 378//150 379//152
f 379//152 380//153 372//154
f 380//153 381//155 372//156
f 372//156 381//155 382//157
f 382//157 383//158 372//159
f 383//27 382//160 384//27
f 384//27 382//160 385//160
f 385//160 382//160 386//161
f 386//161 382//160 381//161
f 386//161 381//161 380//162
f 386//161 380//162 387//162
f 387//162 380//162 379//163
f 387//162 379//163 388//163
f 388//163 379//163 378//164
f 388//163 378//164 389//164
f 389//164 378//164 390//165
f 378//164 377//165 390//165
f 390//165 377//165 376//166
f 390//165 376//166 391//166
f 391//166 376//166 375//167
f 391//166 375//167 392//167
f 392//167 375//167 393//168
f 375//167 374//168 393//168
f 393//168 374//168 373//169
f 393//168 373//169 394//169
f 394//169 373//169 371//170
f 394//169 371//170 395//170
f 395//170 371//170 396//53
f 371//170 370//53 396//53
f 397//139 398//140 399//141
f 399//141 398//140 400//142
f 400//142 401//143 399//144
f 401//143 402//145 399//146
f 399//146 402//145 403//147
f 403//147 404//148 399//149
f 404//148 405//150 399//151
f 399//151 405//150 406//152
f 406//152 407//153 399//154
f 407//153 408//155 399//156
f 399//156 408//155 409//157
f 409//157 410//158 399//159
f 410//27 409//160 411//27
f 411//27 409//160 412//160
f 412//160 409//160 413//161
f 413//161 409//160 408//161
f 413//161 408//161 407//162
f 413//161 407//162 414//162
f 414//162 407//162 406//163
f 414//162 406//163 415//163
f 415//163 406//163 405//164
f 415//163 405//164 416//164
f 416//164 405//164 417//165
f 405//164 404//165 417//165
f 417//165 404//165 403//166
f 417//165 403//166 418//166
f 418//166 403//166 402//167
f 418//166 402//167 419//167
f 419//167 402//167 420//168
f 402//167 401//168 420//168
f 420//168 401//168 400//169
f 420//168 400//169 421//169
f 421//169 400//169 398//170
f 421//169 398//170 422//170
f 422//170 398//170 423//53
f 398//170 397//53 423//53
f 424//139 425//140 426//141
f 426//141 425//140 427//142
f 427//142 428//143 426//144
f 428//143 429//145 426//146
f 426//146 429//145 430//147
f 430//147 431//148 426//149
f 431//148 432//150 426//151
f 426//151 432//150 433//152
f 433//152 434//153 426//154
f 434//153 435//155 426//156
f 426//156 435//155 436//157
f 436//157 437//158 426//159
f 437//27 436//160 438//27
f 438//27 436//160 439//160
f 439//160 436//160 440//161
f 440//161 436//160 435//161
f 440//161 435//161 434//162
f 440//161 434//162 441//162
f 441//162 434//162 433//163
f 441//162 433//163 442//163
f 442//163 433//163 432//164
f 442//163 432//164 443//164
f 443//164 432//164 444//165
f 432//164 431//165 444//165
f 444//165 431//165 430//166
f 444//165 430//166 445//166
f 445//166 430//166 429//167
f 445//166 429//167 446//167
f 446//167 429//167 447//168
f 429//167 428//168 447//168
f 447//168 428//168 427//169
f 447//168 427//169 448//169
f 448//169 427//169 425//170
f 448//169 425//170 449//170
f 449//170 425//170 450//53
f 425//170 424//53 450//53
f 451//139 452//140 453//141
f 453//141 452//140 454//142
f 454//142 455//143 453//144
f 455//143 456//145 453//146
f 453//146 456//145 457//147
f 457//147 458//148 453//149
f 458//148 459//150 453//151
f 453//151 459//150 460//152
f 460//152 461//153 453//154
f 461//153 462//155 453//156
f 453//156 462//155 463//157
f 463//157 464//158 453//159
f 464//27 463//160 465//27
f 465//27 463//160 466//160
f 466//160 463//160 467//161
f 467//161 463//160 462//161
f 467//161 462//161 461//162
f 467//161 461//162 468//162
f 468//162 461//162 460//163
f 468//162 460//163 469//163
f 469//163 460//163 459//164
f 469//163 459//164 470//164
f 470//164 459//164 471//165
f 459//164 458//165 471//165
f 471//165 458//165 457//166
f 471//165 457//166 472//166
f 472//166 457//166 456//167
f 472//166 456//167 473//167
f 473//167 456//167 474//168
f 456//167 455//168 474//168
f 474//168 455//168 454//169
f 474//168 454//169 475//169
f 475//169 454//169 452//170
f 475//169 452//170 476//170
f 476//170 452//170 477//53
f 452//170 451//53 477//53
f 478//139 479//140 480//141
f 480//141 479//140 481//142
f 481//142 482//143 480//144
f 482//143 483//145 480//146
f 480//146 483//145 484//147
f 484//147 485//148 480//149
f 485//148 486//150 480//151
f 480//151 486//150 487//152
f 487//152 488//153 480//154
f 488//153 489//155 480//156
f 480//156 489//155 490//157
f 490//157 491//158 480//159
f 491//27 490//160 492//27
f 492//27 490//160 493//160
f 493//160 490//160 494//161
f 494//161 490//160 489//161
f 494//161 489//161 488//162
f 494//161 488//162 495//162
f 495//162 488//162 487//163
f 495//162 487//163 496//163
f 496//163 487//163 486//164
f 496//163 486//164 497//164
f 497//164 486//164 498//165
f 486//164 485//165 498//165
f 498//165 485//165 484//166
f 498//165 484//166 499//166
f 499//166 484//166 483//167
f 499//166 483//167 500//167
f 500//167 483//167 501//168
f 483//167 482//168 501//168
f 501//168 482//168 481//169
f 501//168 481//169 502//169
f 502//169 481//169 479//170
f 502//169 479//170 503//170
f 503//170 479//170 504//53
f 479//170 478//53 504//53
f 505//139 506//140 507//141
f 507//141 506//140 508//142
f 508//142 509//143 507//144
f 509//143 510//145 507//146
f 507//146 510//145 511//147
f 511//147 512//148 507//149
f 512//148 513//150 507//151
f 507//151 513//150 514//152
f 514//152 515//153 507//154
f 515//153 516//155 507//156
f 507//156 516//155 517//157
f 517//157 518//158 507//159
f 518//27 517//160 519//27
f 519//27 517//160 520//160
f 520//160 517//160 521//161
f 521//161 517//160 516//161
f 521//161 516//161 515//162
f 521//161 515//162 522//162
f 522//162 515//162 514//163
f 522//162 514//163 523//163
f 523//163 514//163 513//164
f 523//163 513//164 524//164
f 524//164 513//164 525//165
f 513//164 512//165 525//165
f 525//165 512//165 511//166
f 525//165 511//166 526//166
f 526//166 511//166 510//167
f 526//166 510//167 527//167
f 527//167 510//167 528//168
f 510//167 509//168 528//168
f 528//168 509//168 508//169
f 528//168 508//169 529//169
f 529//169 508//169 506//170
f 529//169 506//170 530//170
f 530//170 506//170 531//53
f 506//170 505//53 531//53
f 532//171 533//172 534//173
f 534//173 533//172 535//174
f 535//174 536//175 534//176
f 536//175 537//177 534//178
f 534//178 537//177 538//179
f 538//179 539//180 534//181
f 539//180 540//182 534//183
f 534//183 540//182 541//184
f 541//184 542//185 534//186
f 542//185 543//187 534//188
f 534//188 543//187 544//189
f 544//189 545//190 534//191
f 545//192 544//193 546//192
f 546//192 544//193 547//193
f 547//193 544//193 548//194
f 548//194 544//193 543//194
f 548//194 543//194 542//195
f 548//194 542//195 549//195
f 549//195 542//195 541//196
f 549//195 541//196 550//196
f 550//196 541//196 540//197
f 550//196 540//197 551//197
f 551//197 540//197 552//41
f 540//197 539//41 552//41
f 552//41 539//41 538//198
f 552//41 538//198 553//198
f 553//198 538//198 537//199
f 553//198 537//199 554//199
f 554//199 537//199 555//200
f 537//199 536//200 555//200
f 555//200 536//200 535//201
f 555//200 535//201 556//201
f 556//201 535//201 533//202
f 556//201 533//202 557//202
f 557//202 533//202 558//165
f 533//202 532//165 558//165
f 559//171 560//172 561//173
f 561//173 560//172 562//174
f 562//174 563//175 561//176
f 563//175 564//177 561//178
f 561//178 564//177 565//179
f 565//179 566//180 561//181
f 566//180 567//182 561//183
f 561//183 567//182 568//184
f 568//184 569//185 561//186
f 569//185 570//187 561//188
f 561//188 570//187 571//189
f 571//189 572//190 561//191
f 572//192 571//193 573//192
f 573//192 571//193 574//193
f 574//193 571//193 575//194
f 575//194 571//193 570//194
f 575//194 570//194 569//195
f 575//194 569//195 576//195
f 576//195 569//195 568//196
f 576//195 568//196 577//196
f 577//196 568//196 567//197
f 577//196 567//197 578//197
f 578//197 567//197 579//41
f 567//197 566//41 579//41
f 579//41 566//41 565//198
f 579//41 565//198 580//198
f 580//198 565//198 564//199
f 580//198 564//199 581//199
f 581//199 564//199 582//200
f 564//199 563//200 582//200
f 582//200 563//200 562//201
f 582//200 562//201 583//201
f 583//201 562//201 560//202
f 583//201 560//202 584//202
f 584//202 560//202 585//165
f 560//202 559//165 585//165
f 586//171 587//172 588//173
f 588//173 587//172 589//174
f 589//174 590//175 588//176
f 590//175 591//177 588//178
f 588//178 591//177 592//179
f 592//179 593//180 588//181
f 593//180 594//182 588//183
f 588//183 594//182 595//184
f 595//184 596//185 588//186
f 596//185 597//187 588//188
f 588//188 597//187 598//189
f 598//189 599//190 588//191
f 599//192 598//193 600//192
f 600//192 598//193 601//193
f 601//193 598//193 602//194
f 602//194 598//193 597//194
f 602//194 597//194 596//195
f 602//194 596//195 603//195
f 603//195 596//195 595//196
f 603//195 595//196 604//196
f 604//196 595//196 594//197
f 604//196 594//197 605//197
f 605//197 594//197 606//41
f 594//197 593//41 606//41
f 606//41 593//41 592//198
f 606//41 592//198 607//198
f 607//198 592//198 591//199
f 607//198 591//199 608//199
f 608//199 591//199 609//200
f 591//199 590//200 609//200
f 609//200 590//200 589//201
f 609//200 589//201 610//201
f 610//201 589//201 587//202
f 610//201 587//202 611//202
f 611//202 587//202 612//165
f 587//202 586//165 612//165
f 613//171 614//172 615//173
f 615//173 614//172 616//174
f 616//174 617//175 615//176
f 617//175 618//177 615//178
f 615//178 618//177 619//179
f 619//179 620//180 615//181
f 620//180 621//182 615//183
f 615//183 621//182 622//184
f 622//184 623//185 615//186
f 623//185 624//187 615//188
f 615//188 624//187 625//189
f 625//189 626//190 615//191
f 626//192 625//193 627//192
f 627//192 625//193 628//193
f 628//193 625//193 629//194
f 629//194 625//193 624//194
f 629//194 624//194 623//195
f 629//194 623//195 630//195
f 630//195 623//195 622//196
f 630//195 622//196 631//196
f 631//196 622//196 621//197
f 631//196 621//197 632//197
f 632//197 621//197 633//41
f 621//197 620//41 633//41
f 633//41 620//41 619//198
f 633//41 619//198 634//198
f 634//198 619//198 618//199
f 634//198 618//199 635//199
f 635//199 618//199 636//200
f 618//199 617//200 636//200
f 636//200 617//200 616//201
f 636//200 616//201 637//201
f 637//201 616//201 614//202
f 637//201 614//202 638//202
f 638//202 614//202 639//165
f 614//202 613//165 639//165
f 640//27 641//27 642//203
f 642//203 641//27 643//204
f 642//203 643//204 644//205
f 644//205 643//204 645//206
f 644//205 645//206 646//207
f 646//207 645//206 647//208
f 646//207 647//208 648//209
f 648//209 647//208 649//210
f 647//208 650//211 649//210
f 649//210 650//211 651//212
f 650//211 652//213 651//212
f 651//212 652//213 653//214
f 652//213 654//192 653//214
f 653//214 654//192 655//215
f 654//192 656//216 655//215
f 655//215 656//216 657//217
f 656//216 658//218 657//217
f 657//217 658//218 659//219
f 658//218 660//220 659//219
f 659//219 660//220 661//221
f 661//221 660//220 662//222
f 662//222 660//220 663//223
f 662//222 663//223 664//224
f 664//224 663//223 665//225
f 664//224 665//225 666//226
f 666//226 665//225 667//53
f 666//226 667//53 668//53
f 669//27 670//27 671//203
f 671//203 670//27 672//204
f 671//203 672//204 673//205
f 673//205 672//204 674//206
f 673//205 674//206 675//207
f 675//207 674//206 676//208
f 675//207 676//208 677//209
f 677//209 676//208 678//210
f 676//208 679//211 678//210
f 678//210 679//211 680//212
f 679//211 681//213 680//212
f 680//212 681//213 682//214
f 681//213 683//192 682//214
f 682//214 683//192 684//215
f 683//192 685//216 684//215
f 684//215 685//216 686//217
f 685//216 687//218 686//217
f 686//217 687//218 688//219
f 687//218 689//220 688//219
f 688//219 689//220 690//221
f 690//221 689//220 691//222
f 691//222 689//220 692//223
f 691//222 692//223 693//224
f 693//224 692//223 694//225
f 693//224 694//225 695//226
f 695//226 694//225 696//53
f 695//226 696//53 697//53
f 698//27 699//27 700//203
f 700//203 699//27 701//204
f 700//203 701//204 702//205
f 702//205 701//204 703//206
f 702//205 703//206 704//207
f 704//207 703//206 705//208
f 704//207 705//208 706//209
f 706//209 705//208 707//210
f 705//208 708//211 707//210
f 707//210 708//211 709//212
f 708//211 710//213 709//212
f 709//212 710//213 711//214
f 710//213 712//192 711//214
f 711//214 712//192 713//215
f 712//192 714//216 713//215
f 713//215 714//216 715//217
f 714//216 716//218 715//217
f 715//217 716//218 717//219
f 716//218 718//220 717//219
f 717//219 718//220 719//221
f 719//221 718//220 720//222
f 720//222 718//220 721//223
f 720//222 721//223 722//224
f 722//224 721//223 723//225
f 722//224 723//225 724//226
f 724//226 723//225 725//53
f 724//226 725//53 726//53
f 727//27 728//27 729//203
f 729//203 728//27 730//204
f 729//203 730//204 731//205
f 731//205 730//204 732//206
f 731//205 732//206 733//207
f 733//207 732//206 734//208
f 733//207 734//208 735//209
f 735//209 734//208 736//210
f 734//208 737//211 736//210
f 736//210 737//211 738//212
f 737//211 739//213 738//212
f 738//212 739//213 740//214
f 739//213 741//192 740//214
f 740//214 741//192 742//215
f 741//192 743//216 742//215
f 742//215 743//216 744//217
f 743//216 745//218 744//217
f 744//217 745//218 746//219
f 745//218 747//220 746//219
f 746//219 747//220 748//221
f 748//221 747//220 749//222
f 749//222 747//220 750//223
f 749//222 750//223 751//224
f 751//224 750//223 752//225
f 751//224 752//225 753//226
f 753//226 752//225 754//53
f 753//226 754//53 755//53
f 756//53 757//53 758//227
f 758//227 757//53 759//170
f 758//227 759//170 760//228
f 760//228 759//170 761//169
f 760//228 761//169 762//229
f 762//229 761//169 763//168
f 762//229 763//168 764//230
f 764//230 763//168 765//231
f 763//168 766//167 765//231
f 765//231 766//167 767//232
f 766//167 768//166 767//232
f 767//232 768//166 769//233
f 768//166 770//165 769//233
f 769//233 770//165 771//234
f 770//165 772//164 771//234
f 771//234 772//164 773//235
f 772//164 774//163 773//235
f 773//235 774//163 775//236
f 774//163 776//162 775//236
f 775//236 776//162 777//237
f 777//237 776//162 778//238
f 778//238 776//162 779//161
f 778//238 779//161 780//239
f 780//239 779//161 781//160
f 780//239 781//160 782//240
f 782//240 781//160 783//27
f 782//240 783//27 784//27
f 785//53 786//53 787//227
f 787//227 786//53 788//170
f 787//227 788//170 789//228
f 789//228 788//170 790//169
f 789//228 790//169 791//229
f 791//229 790//169 792//168
f 791//229 792//168 793//230
f 793//230 792//168 794//231
f 792//168 795//167 794//231
f 794//231 795//167 796//232
f 795//167 797//166 796//232
f 796//232 797//166 798//233
f 797//166 799//165 798//233
f 798//233 799//165 800//234
f 799//165 801//164 800//234
f 800//234 801//164 802//235
f 801//164 803//163 802//235
f 802//235 803//163 804//236
f 803//163 805//162 804//236
f 804//236 805//162 806//237
f 806//237 805//162 807//238
f 807//238 805//162 808//161
f 807//238 808//161 809//239
f 809//239 808//161 810//160
f 809//239 810//160 811//240
f 811//240 810//160 812//27
f 811//240 812//27 813//27
f 814//53 815//53 816//227
f 816//227 815//53 817//170
f 816//227 817//170 818//228
f 818//228 817//170 819//169
f 818//228 819//169 820//229
f 820//229 819//169 821//168
f 820//229 821//168 822//230
f 822//230 821//168 823//231
f 821//168 824//167 823//231
f 823//231 824//167 825//232
f 824//167 826//166 825//232
f 825//232 826//166 827//233
f 826//166 828//165 827//233
f 827//233 828//165 829//234
f 828//165 830//164 829//234
f 829//234 830//164 831//235
f 830//164 832//163 831//235
f 831//235 832//163 833//236
f 832//163 834//162 833//236
f 833//236 834//162 835//237
f 835//237 834//162 836//238
f 836//238 834//162 837//161
f 836//238 837//161 838//239
f 838//239 837//161 839//160
f 838//239 839//160 840//240
f 840//240 839//160 841//27
f 840//240 841//27 842//27
f 843//53 844//53 845//227
f 845//227 844//53 846//170
f 845//227 846//170 847//228
f 847//228 846//170 848//169
f 847//228 848//169 849//229
f 849//229 848//169 850//168
f 849//229 850//168 851//230
f 851//230 850//168 852//231
f 850//168 853//167 852//231
f 852//231 853//167 854//232
f 853//167 855//166 854//232
f 854//232 855//166 856//233
f 855//166 857//165 856//233
f 856//233 857//165 858//234
f 857//165 859//164 858//234
f 858//234 859//164 860//235
f 859//164 861//163 860//235
f 860//235 861//163 862//236
f 861//163 863//162 862//236
f 862//236 863//162 864//237
f 864//237 863//162 865//238
f 865//238 863//162 866//161
f 865//238 866//161 867//239
f 867//239 866//161 868//160
f 867//239 868//160 869//240
f 869//240 868//160 870//27
f 869//240 870//27 871//27
usemtl 10_01_17_00566_color_3
f 605//53 606//53 872//53
f 872//53 606//53 633//53
f 872//53 633//53 873//53
f 873//53 633//53 634//53
f 873//53 634//53 635//53
f 547//53 548//53 874//53
f 874//53 548//53 549//53
f 874//53 549//53 872//53
f 872//53 549//53 875//53
f 872//53 875//53 876//53
f 877//53 878//53 879//53
f 879//53 878//53 880//53
f 879//53 880//53 874//53
f 874//53 880//53 881//53
f 874//53 881//53 882//53
f 883//53 884//53 873//53
f 873//53 884//53 582//53
f 873//53 582//53 879//53
f 879//53 582//53 583//53
f 879//53 583//53 584//53
f 885//53 546//53 874//53
f 874//53 546//53 547//53
f 875//53 549//53 886//53
f 886//53 549//53 550//53
f 886//53 550//53 887//53
f 887//53 550//53 551//53
f 887//53 551//53 888//53
f 888//53 551//53 552//53
f 888//53 552//53 889//53
f 889//53 552//53 553//53
f 889//53 553//53 890//53
f 890//53 553//53 554//53
f 890//53 554//53 891//53
f 891//53 554//53 577//53
f 891//53 577//53 892//53
f 892//53 577//53 578//53
f 892//53 578//53 893//53
f 893//53 578//53 579//53
f 893//53 579//53 894//53
f 894//53 579//53 580//53
f 894//53 580//53 895//53
f 895//53 580//53 581//53
f 895//53 581//53 884//53
f 884//53 581//53 582//53
f 554//53 555//53 577//53
f 577//53 555//53 576//53
f 555//53 556//53 576//53
f 576//53 556//53 575//53
f 556//53 557//53 575//53
f 575//53 557//53 574//53
f 557//53 558//53 574//53
f 574//53 558//53 573//53
f 558//53 896//53 573//53
f 573//53 896//53 897//53
f 896//53 898//53 897//53
f 897//53 898//53 899//53
f 898//53 900//53 899//53
f 899//53 900//53 901//53
f 900//53 902//53 901//53
f 901//53 902//53 903//53
f 902//53 904//53 903//53
f 903//53 904//53 905//53
f 904//53 881//53 905//53
f 905//53 881//53 880//53
f 882//53 906//53 874//53
f 874//53 906//53 907//53
f 874//53 907//53 908//53
f 908//53 885//53 874//53
f 584//53 585//53 879//53
f 879//53 585//53 909//53
f 879//53 909//53 910//53
f 910//53 911//53 879//53
f 879//53 911//53 877//53
f 633//53 606//53 632//53
f 632//53 606//53 607//53
f 632//53 607//53 631//53
f 631//53 607//53 608//53
f 631//53 608//53 630//53
f 630//53 608//53 609//53
f 630//53 609//53 629//53
f 629//53 609//53 610//53
f 629//53 610//53 628//53
f 628//53 610//53 611//53
f 628//53 611//53 627//53
f 627//53 611//53 612//53
f 627//53 612//53 912//53
f 635//53 636//53 873//53
f 873//53 636//53 637//53
f 873//53 637//53 638//53
f 638//53 639//53 873//53
f 873//53 639//53 913//53
f 873//53 913//53 883//53
f 890//53 891//53 914//53
f 914//53 891//53 915//53
f 914//53 915//53 916//53
f 914//53 916//53 917//53
f 917//53 916//53 918//53
f 917//53 918//53 912//53
f 912//53 918//53 627//53
f 919//53 600//53 872//53
f 872//53 600//53 601//53
f 872//53 601//53 602//53
f 602//53 603//53 872//53
f 872//53 603//53 604//53
f 872//53 604//53 605//53
f 876//53 919//53 872//53
f 132//192 133//192 920//192
f 920//192 133//192 136//192
f 920//192 136//192 921//192
f 921//192 136//192 138//192
f 921//192 138//192 139//192
f 920//192 922//192 132//192
f 132//192 922//192 130//192
f 922//192 923//192 130//192
f 130//192 923//192 127//192
f 923//192 924//192 127//192
f 127//192 924//192 126//192
f 925//192 79//192 92//192
f 92//192 79//192 81//192
f 92//192 81//192 90//192
f 90//192 81//192 83//192
f 90//192 83//192 89//192
f 89//192 83//192 84//192
f 89//192 84//192 88//192
f 88//192 84//192 926//192
f 88//192 926//192 927//192
f 927//192 926//192 928//192
f 927//192 928//192 929//192
f 929//192 928//192 930//192
f 929//192 930//192 931//192
f 931//192 930//192 932//192
f 931//192 932//192 933//192
f 933//192 932//192 934//192
f 933//192 934//192 924//192
f 924//192 934//192 156//192
f 924//192 156//192 126//192
f 126//192 156//192 124//192
f 92//192 94//192 925//192
f 925//192 94//192 96//192
f 925//192 96//192 98//192
f 98//192 100//192 925//192
f 925//192 100//192 102//192
f 925//192 935//192 79//192
f 79//192 935//192 77//192
f 69//192 71//192 935//192
f 935//192 71//192 73//192
f 935//192 73//192 75//192
f 75//192 77//192 935//192
f 156//192 934//192 153//192
f 153//192 934//192 936//192
f 153//192 936//192 152//192
f 152//192 936//192 937//192
f 152//192 937//192 150//192
f 150//192 937//192 938//192
f 150//192 938//192 148//192
f 148//192 938//192 145//192
f 938//192 939//192 145//192
f 145//192 939//192 144//192
f 940//192 941//192 921//192
f 921//192 941//192 942//192
f 921//192 942//192 939//192
f 939//192 942//192 943//192
f 939//192 943//192 944//192
f 139//192 945//192 921//192
f 921//192 945//192 946//192
f 921//192 946//192 947//192
f 947//192 948//192 921//192
f 921//192 948//192 949//192
f 921//192 949//192 940//192
f 941//192 950//192 942//192
f 942//192 950//192 951//192
f 951//192 950//192 952//192
f 952//192 950//192 953//192
f 952//192 953//192 954//192
f 954//192 953//192 955//192
f 954//192 955//192 956//192
f 956//192 955//192 957//192
f 956//192 957//192 165//192
f 165//192 957//192 117//192
f 165//192 117//192 118//192
f 165//192 118//192 164//192
f 164//192 118//192 119//192
f 164//192 119//192 162//192
f 162//192 119//192 159//192
f 119//192 122//192 159//192
f 159//192 122//192 158//192
f 122//192 124//192 158//192
f 158//192 124//192 156//192
f 944//192 958//192 939//192
f 939//192 958//192 959//192
f 939//192 959//192 960//192
f 960//192 961//192 939//192
f 939//192 961//192 143//192
f 939//192 143//192 144//192
f 962//27 963//27 964//27
f 964//27 963//27 965//27
f 964//27 965//27 966//27
f 966//27 965//27 967//27
f 965//27 968//27 967//27
f 967//27 968//27 969//27
f 967//27 969//27 970//27
f 971//27 972//27 968//27
f 968//27 972//27 969//27
f 973//27 974//27 970//27
f 970//27 974//27 967//27
f 964//27 966//27 975//27
f 975//27 966//27 976//27
f 975//27 976//27 977//27
f 978//165 979//165 980//165
f 980//165 979//165 981//165
f 982//192 983//192 984//192
f 984//192 983//192 985//192
f 986//165 987//165 988//165
f 988//165 987//165 989//165
f 990//27 986//27 991//27
f 991//27 986//27 988//27
f 992//192 990//192 993//192
f 993//192 990//192 991//192
f 968//41 965//41 994//41
f 994//41 965//41 995//41
f 994//41 995//41 996//41
f 996//41 995//41 997//41
f 996//41 997//41 998//41
f 998//41 997//41 999//41
f 997//41 1000//41 999//41
f 998//41 1001//41 996//41
f 177//165 179//165 1002//165
f 1002//165 179//165 181//165
f 1002//165 181//165 1003//165
f 1003//165 181//165 184//165
f 1003//165 184//165 186//165
f 351//165 1004//165 1005//165
f 1005//165 1004//165 1006//165
f 1005//165 1006//165 1002//165
f 1002//165 1006//165 1007//165
f 1002//165 1007//165 169//165
f 1008//165 1009//165 1010//165
f 1010//165 1009//165 1011//165
f 1010//165 1011//165 1005//165
f 1005//165 1011//165 1012//165
f 1005//165 1012//165 1013//165
f 195//165 1014//165 1003//165
f 1003//165 1014//165 1015//165
f 1003//165 1015//165 1010//165
f 1010//165 1015//165 1016//165
f 1010//165 1016//165 362//165
f 362//165 1016//165 361//165
f 169//165 170//165 1002//165
f 1002//165 170//165 172//165
f 1002//165 172//165 174//165
f 174//165 177//165 1002//165
f 186//165 188//165 1003//165
f 1003//165 188//165 191//165
f 1003//165 191//165 193//165
f 193//165 195//165 1003//165
f 1016//165 1017//165 361//165
f 361//165 1017//165 359//165
f 1017//165 1018//165 359//165
f 359//165 1018//165 356//165
f 1018//165 1019//165 356//165
f 356//165 1019//165 1020//165
f 356//165 1020//165 355//165
f 355//165 1020//165 1021//165
f 355//165 1021//165 353//165
f 353//165 1021//165 1004//165
f 353//165 1004//165 351//165
f 1022//165 346//165 1005//165
f 1005//165 346//165 347//165
f 1005//165 347//165 348//165
f 348//165 351//165 1005//165
f 362//165 365//165 1010//165
f 1010//165 365//165 367//165
f 1010//165 367//165 368//165
f 368//165 1023//165 1010//165
f 1010//165 1023//165 1024//165
f 1010//165 1024//165 1025//165
f 1025//165 1008//165 1010//165
f 1013//165 1026//165 1005//165
f 1005//165 1026//165 1027//165
f 1005//165 1027//165 1022//165
f 1028//165 1029//165 1030//165
f 1030//165 1029//165 1031//165
f 1032//192 1033//192 1034//192
f 1034//192 1033//192 1035//192
f 1036//165 1037//165 1038//165
f 1038//165 1037//165 1039//165
f 1040//27 1036//27 1041//27
f 1041//27 1036//27 1038//27
f 1042//192 1040//192 1043//192
f 1043//192 1040//192 1041//192
f 1037//41 1036//41 1028//41
f 1028//41 1036//41 1040//41
f 1028//41 1040//41 1033//41
f 1033//41 1040//41 1042//41
f 1028//41 1033//41 1029//41
f 1029//41 1033//41 1032//41
f 1029//41 1032//41 969//41
f 969//41 1032//41 970//41
usemtl 10_01_17_00566_color_1
f 1044//241 1045//241 1046//241
f 1046//241 1045//241 1047//241
f 1046//241 1047//241 1048//241
f 1048//241 1047//241 1049//241
f 1050//242 1051//242 1052//242
f 1052//242 1051//242 1053//242
f 1052//242 1053//242 1054//242
f 1050//242 1055//242 1051//242
f 1056//243 1057//243 1058//243
f 1058//243 1057//243 1059//243
f 1057//243 1060//243 1059//243
f 1059//243 1060//243 1061//243
f 1062//244 1063//244 1064//244
f 1064//244 1063//244 1065//244
f 1064//244 1065//244 1066//244
f 1062//244 1067//244 1063//244
f 1068//241 1069//241 1070//241
f 1070//241 1069//241 1071//241
f 1070//241 1071//241 1072//241
f 1072//241 1071//241 1073//241
f 1074//242 1075//242 1076//242
f 1076//242 1075//242 1077//242
f 1076//242 1077//242 1078//242
f 1074//242 1079//242 1075//242
f 1080//243 1081//243 1082//243
f 1082//243 1081//243 1083//243
f 1081//243 1084//243 1083//243
f 1083//243 1084//243 1085//243
f 1086//244 1087//244 1088//244
f 1088//244 1087//244 1089//244
f 1088//244 1089//244 1090//244
f 1086//244 1091//244 1087//244
usemtl 10_01_17_00566_color_3
f 1092//245 1093//245 1058//245
f 1058//245 1093//245 1094//245
f 1058//245 1094//245 1095//245
f 1095//245 1096//245 1058//245
f 1058//245 1096//245 1056//245
f 1096//245 1097//245 1056//245
f 1056//245 1097//245 1098//245
f 1097//245 1099//245 1098//245
f 1098//245 1099//245 1100//245
f 1099//245 1101//245 1100//245
f 1102//245 1103//245 1104//245
f 1104//245 1103//245 1105//245
f 1104//245 1105//245 1050//245
f 1050//245 1105//245 1106//245
f 1050//245 1106//245 1055//245
f 1055//245 1106//245 1107//245
f 1055//245 1107//245 1108//245
f 1102//245 1109//245 1103//245
f 1108//245 1110//245 1055//245
f 1055//245 1110//245 1111//245
f 1112//245 1113//245 1082//245
f 1082//245 1113//245 1114//245
f 1082//245 1114//245 1115//245
f 1115//245 1116//245 1082//245
f 1082//245 1116//245 1080//245
f 1116//245 1117//245 1080//245
f 1080//245 1117//245 1118//245
f 1117//245 1119//245 1118//245
f 1118//245 1119//245 1120//245
f 1119//245 1121//245 1120//245
f 1122//245 1123//245 1124//245
f 1124//245 1123//245 1125//245
f 1124//245 1125//245 1074//245
f 1074//245 1125//245 1126//245
f 1074//245 1126//245 1079//245
f 1079//245 1126//245 1127//245
f 1079//245 1127//245 1128//245
f 1122//245 1129//245 1123//245
f 1128//245 1130//245 1079//245
f 1079//245 1130//245 1131//245
f 1132//245 1133//245 1134//245
f 1134//245 1133//245 1135//245
f 1136//245 1137//245 1044//245
f 1044//245 1137//245 1138//245
f 1044//245 1138//245 1139//245
f 1139//245 1140//245 1044//245
f 1044//245 1140//245 1045//245
f 1140//245 1141//245 1045//245
f 1045//245 1141//245 1142//245
f 1141//245 1143//245 1142//245
f 1142//245 1143//245 1144//245
f 1143//245 1145//245 1144//245
f 1146//245 1147//245 1148//245
f 1148//245 1147//245 1149//245
f 1148//245 1149//245 1062//245
f 1062//245 1149//245 1150//245
f 1062//245 1150//245 1067//245
f 1067//245 1150//245 1151//245
f 1067//245 1151//245 1152//245
f 1146//245 1153//245 1147//245
f 1152//245 1154//245 1067//245
f 1067//245 1154//245 1155//245
f 1156//245 1157//245 1068//245
f 1068//245 1157//245 1158//245
f 1068//245 1158//245 1159//245
f 1159//245 1160//245 1068//245
f 1068//245 1160//245 1069//245
f 1160//245 1161//245 1069//245
f 1069//245 1161//245 1162//245
f 1161//245 1163//245 1162//245
f 1162//245 1163//245 1164//245
f 1163//245 1165//245 1164//245
f 1166//245 1167//245 1168//245
f 1168//245 1167//245 1169//245
f 1168//245 1169//245 1086//245
f 1086//245 1169//245 1170//245
f 1086//245 1170//245 1091//245
f 1091//245 1170//245 1171//245
f 1091//245 1171//245 1172//245
f 1166//245 1173//245 1167//245
f 1172//245 1174//245 1091//245
f 1091//245 1174//245 1175//245
f 1176//245 1177//245 1178//245
f 1178//245 1177//245 1179//245
f 1180//246 1181//246 1182//247
f 1182//247 1181//246 1183//247
f 1182//247 1183//247 1184//248
f 1184//248 1183//247 1185//248
f 1185//192 1186//192 1184//192
f 1184//192 1186//192 1187//192
f 1187//249 1186//249 1188//250
f 1188//250 1186//249 1189//250
f 1189//53 1190//53 1188//53
f 1188//53 1190//53 1191//53
f 1191//251 1190//251 1192//252
f 1192//252 1190//251 1193//252
f 1192//165 1193//165 1194//165
f 1194//165 1193//165 1195//165
f 1194//253 1195//253 1196//254
f 1196//254 1195//253 1197//254
f 1196//254 1197//254 1198//255
f 1198//255 1197//254 1199//255
f 1198//27 1199//27 1180//27
f 1180//27 1199//27 1181//27
f 967//245 1200//245 966//245
f 966//245 1200//245 1201//245
f 966//245 1201//245 1202//245
f 1202//245 1201//245 1203//245
f 1202//245 1203//245 1204//245
f 1204//245 1203//245 1205//245
f 1204//245 1205//245 925//245
f 925//245 1205//245 1206//245
f 925//245 1206//245 935//245
f 935//245 1206//245 1207//245
f 967//245 1208//245 1200//245
f 1200//245 1208//245 1209//245
f 1208//245 1210//245 1209//245
f 1209//245 1210//245 1211//245
f 1210//245 1002//245 1211//245
f 1211//245 1002//245 1003//245
f 1211//245 1003//245 1212//245
f 1212//245 1003//245 1213//245
f 1212//245 1213//245 1214//245
f 1214//245 1213//245 1215//245
f 1214//245 1215//245 872//245
f 1214//245 872//245 1216//245
f 1216//245 872//245 873//245
f 1216//245 873//245 1217//245
f 1217//245 873//245 1218//245
f 873//245 1219//245 1218//245
f 1218//245 1219//245 1207//245
f 1218//245 1207//245 1206//245
f 1220//256 1221//256 1222//257
f 1222//257 1221//256 1223//257
f 1222//257 1223//257 1224//258
f 1224//258 1223//257 1225//258
f 1224//258 1225//258 1226//259
f 1226//259 1225//258 1227//259
f 1228//27 1221//27 1229//27
f 1229//27 1221//27 1220//27
f 1230//260 1231//260 1232//261
f 1232//261 1231//260 1233//261
f 1232//261 1233//261 1234//262
f 1234//262 1233//261 1235//262
f 1234//262 1235//262 1229//263
f 1229//263 1235//262 1228//263
f 1236//165 1237//165 1238//165
f 1238//165 1237//165 1239//165
f 1238//165 1239//165 1132//165
f 1132//165 1134//165 1238//165
f 1238//165 1134//165 1230//165
f 1134//165 1240//165 1230//165
f 1230//165 1240//165 1241//165
f 1230//165 1241//165 1231//165
f 1242//264 1243//264 1244//265
f 1244//265 1243//264 1245//265
f 1244//265 1245//265 1246//266
f 1246//266 1245//265 1247//266
f 1246//266 1247//266 1238//267
f 1238//267 1247//266 1236//267
f 1243//53 1242//53 1248//53
f 1248//53 1242//53 1249//53
f 1250//268 1251//268 1252//269
f 1252//269 1251//268 1253//269
f 1252//269 1253//269 1254//270
f 1254//270 1253//269 1255//270
f 1254//270 1255//270 1249//271
f 1249//271 1255//270 1248//271
f 1251//192 1250//192 1256//192
f 1256//192 1250//192 1257//192
f 1257//192 1250//192 1178//192
f 1178//192 1250//192 1226//192
f 1178//192 1226//192 1176//192
f 1176//192 1226//192 1258//192
f 1227//192 1259//192 1226//192
f 1226//192 1259//192 1258//192
f 1226//41 1260//41 1224//41
f 1224//41 1260//41 1261//41
f 1224//41 1261//41 1222//41
f 1222//41 1261//41 1262//41
f 1222//41 1262//41 1220//41
f 1220//41 1262//41 1263//41
f 1220//41 1263//41 1229//41
f 1229//41 1263//41 1234//41
f 1226//41 1250//41 1260//41
f 1260//41 1250//41 1264//41
f 1250//41 1252//41 1264//41
f 1264//41 1252//41 1265//41
f 1252//41 1254//41 1265//41
f 1265//41 1254//41 1249//41
f 1265//41 1249//41 1266//41
f 1266//41 1249//41 1267//41
f 1249//41 1242//41 1267//41
f 1267//41 1242//41 1268//41
f 1242//41 1244//41 1268//41
f 1268//41 1244//41 1246//41
f 1268//41 1246//41 1269//41
f 1269//41 1246//41 1238//41
f 1269//41 1238//41 1230//41
f 1269//41 1230//41 1270//41
f 1270//41 1230//41 1232//41
f 1270//41 1232//41 1271//41
f 1271//41 1232//41 1234//41
f 1271//41 1234//41 1263//41
f 1193//165 1272//272 1195//165
f 1195//165 1272//272 1273//272
f 1272//272 1274//273 1273//272
f 1273//272 1274//273 1275//273
f 1274//273 1276//274 1275//273
f 1275//273 1276//274 1277//274
f 1276//274 1278//275 1277//274
f 1277//274 1278//275 1279//275
f 1278//275 1280//276 1279//275
f 1279//275 1280//276 1281//276
f 1280//276 1282//277 1281//276
f 1281//276 1282//277 1283//278
f 1282//277 1284//279 1283//278
f 1283//278 1284//279 1285//280
f 1269//41 1270//41 1284//279
f 1284//279 1270//41 1285//280
f 1197//254 1195//253 1286//281
f 1286//281 1195//253 1273//282
f 1286//281 1273//282 1275//283
f 1286//281 1275//283 1287//284
f 1287//284 1275//283 1277//285
f 1287//284 1277//285 1288//286
f 1288//286 1277//285 1279//287
f 1288//286 1279//287 1281//288
f 1288//286 1281//288 1289//289
f 1289//289 1281//288 1283//290
f 1289//289 1283//290 1271//41
f 1271//41 1283//290 1285//291
f 1271//41 1285//291 1270//41
f 1263//41 1290//292 1271//41
f 1271//41 1290//292 1291//293
f 1271//41 1291//293 1289//289
f 1289//289 1291//293 1292//294
f 1289//289 1292//294 1288//286
f 1288//286 1292//294 1293//295
f 1288//286 1293//295 1294//296
f 1288//286 1294//296 1287//284
f 1287//284 1294//296 1295//297
f 1287//284 1295//297 1296//298
f 1287//284 1296//298 1286//281
f 1286//281 1296//298 1199//255
f 1286//281 1199//255 1197//254
f 1269//41 1284//299 1268//41
f 1268//41 1284//299 1282//300
f 1268//41 1282//300 1297//301
f 1297//301 1282//300 1280//302
f 1297//301 1280//302 1298//303
f 1298//303 1280//302 1278//304
f 1298//303 1278//304 1276//305
f 1298//303 1276//305 1299//306
f 1299//306 1276//305 1274//307
f 1299//306 1274//307 1272//308
f 1193//252 1190//251 1272//308
f 1272//308 1190//251 1300//309
f 1272//308 1300//309 1301//310
f 1301//310 1300//309 1302//311
f 1301//310 1302//311 1299//306
f 1299//306 1302//311 1303//312
f 1299//306 1303//312 1304//313
f 1299//306 1304//313 1298//303
f 1298//303 1304//313 1305//314
f 1298//303 1305//314 1306//315
f 1298//303 1306//315 1297//301
f 1297//301 1306//315 1307//316
f 1297//301 1307//316 1268//41
f 1268//41 1307//316 1267//41
f 1301//310 1299//306 1272//308
f 1199//27 1296//317 1181//27
f 1181//27 1296//317 1308//317
f 1308//317 1296//317 1309//318
f 1309//318 1296//317 1295//318
f 1309//318 1295//318 1294//319
f 1293//320 1310//320 1294//319
f 1294//319 1310//320 1311//319
f 1294//319 1311//319 1309//318
f 1293//320 1292//321 1310//320
f 1310//320 1292//321 1312//321
f 1312//321 1292//321 1313//322
f 1313//322 1292//321 1291//322
f 1313//322 1291//322 1290//323
f 1263//41 1262//41 1290//323
f 1290//323 1262//41 1314//323
f 1290//323 1314//323 1313//322
f 1266//41 1267//41 1315//324
f 1315//324 1267//41 1307//324
f 1315//324 1307//324 1306//325
f 1305//326 1316//326 1306//325
f 1306//325 1316//326 1317//325
f 1306//325 1317//325 1315//324
f 1305//326 1304//327 1316//326
f 1316//326 1304//327 1318//327
f 1318//327 1304//327 1319//328
f 1319//328 1304//327 1303//328
f 1319//328 1303//328 1302//329
f 1300//330 1320//330 1302//329
f 1302//329 1320//330 1321//329
f 1302//329 1321//329 1319//328
f 1300//330 1190//53 1320//330
f 1320//330 1190//53 1189//53
f 1183//247 1181//246 1322//331
f 1322//331 1181//246 1308//332
f 1322//331 1308//332 1309//333
f 1322//331 1309//333 1323//334
f 1323//334 1309//333 1311//335
f 1323//334 1311//335 1324//336
f 1324//336 1311//335 1310//337
f 1324//336 1310//337 1312//338
f 1324//336 1312//338 1325//339
f 1325//339 1312//338 1313//340
f 1325//339 1313//340 1261//41
f 1261//41 1313//340 1314//341
f 1261//41 1314//341 1262//41
f 1260//41 1326//342 1261//41
f 1261//41 1326//342 1327//343
f 1261//41 1327//343 1325//339
f 1325//339 1327//343 1328//344
f 1325//339 1328//344 1324//336
f 1324//336 1328//344 1329//345
f 1324//336 1329//345 1330//346
f 1324//336 1330//346 1323//334
f 1323//334 1330//346 1331//347
f 1323//334 1331//347 1332//348
f 1323//334 1332//348 1322//331
f 1322//331 1332//348 1185//248
f 1322//331 1185//248 1183//247
f 1266//41 1315//349 1265//41
f 1265//41 1315//349 1333//350
f 1265//41 1333//350 1334//351
f 1334//351 1333//350 1335//352
f 1315//349 1317//353 1333//350
f 1333//350 1317//353 1336//354
f 1333//350 1336//354 1335//352
f 1335//352 1336//354 1337//355
f 1317//353 1316//356 1336//354
f 1336//354 1316//356 1318//357
f 1336//354 1318//357 1338//358
f 1338//358 1318//357 1319//359
f 1338//358 1319//359 1321//360
f 1338//358 1321//360 1339//361
f 1339//361 1321//360 1320//362
f 1339//361 1320//362 1340//363
f 1340//363 1320//362 1186//249
f 1320//362 1189//250 1186//249
f 1340//363 1341//364 1339//361
f 1339//361 1341//364 1338//358
f 1341//364 1342//365 1338//358
f 1338//358 1342//365 1336//354
f 1342//365 1337//355 1336//354
f 1334//351 1343//366 1265//41
f 1265//41 1343//366 1264//41
f 1185//192 1332//367 1186//192
f 1186//192 1332//367 1340//367
f 1340//367 1332//367 1341//368
f 1341//368 1332//367 1331//368
f 1341//368 1331//368 1330//369
f 1329//370 1337//370 1330//369
f 1330//369 1337//370 1342//369
f 1330//369 1342//369 1341//368
f 1329//370 1328//371 1337//370
f 1337//370 1328//371 1335//371
f 1335//371 1328//371 1334//372
f 1334//372 1328//371 1327//373
f 1334//372 1327//373 1326//374
f 1260//41 1264//41 1326//374
f 1326//374 1264//41 1343//375
f 1326//374 1343//375 1334//372
f 1182//247 1184//248 1344//376
f 1344//376 1184//248 1345//377
f 1344//376 1345//377 1346//378
f 1344//376 1346//378 1347//379
f 1347//379 1346//378 1348//380
f 1347//379 1348//380 1349//381
f 1349//381 1348//380 1350//382
f 1349//381 1350//382 1351//383
f 1349//381 1351//383 1352//384
f 1352//384 1351//383 1353//385
f 1352//384 1353//385 1203//245
f 1203//245 1353//385 1354//386
f 1203//245 1354//386 1205//245
f 1201//245 1355//387 1203//245
f 1203//245 1355//387 1356//388
f 1203//245 1356//388 1352//384
f 1352//384 1356//388 1357//389
f 1352//384 1357//389 1349//381
f 1349//381 1357//389 1358//390
f 1349//381 1358//390 1359//391
f 1349//381 1359//391 1347//379
f 1347//379 1359//391 1360//392
f 1347//379 1360//392 1361//393
f 1347//379 1361//393 1344//376
f 1344//376 1361//393 1180//246
f 1344//376 1180//246 1182//247
f 1180//27 1361//394 1198//27
f 1198//27 1361//394 1362//394
f 1362//394 1361//394 1363//395
f 1363//395 1361//394 1360//395
f 1363//395 1360//395 1359//396
f 1358//397 1364//397 1359//396
f 1359//396 1364//397 1365//396
f 1359//396 1365//396 1363//395
f 1358//397 1357//398 1364//397
f 1364//397 1357//398 1366//398
f 1366//398 1357//398 1367//399
f 1367//399 1357//398 1356//399
f 1367//399 1356//399 1355//400
f 1201//245 1200//245 1355//400
f 1355//400 1200//245 1368//400
f 1355//400 1368//400 1367//399
f 1206//245 1205//245 1369//401
f 1369//401 1205//245 1354//401
f 1369//401 1354//401 1353//402
f 1351//403 1370//403 1353//402
f 1353//402 1370//403 1371//402
f 1353//402 1371//402 1369//401
f 1351//403 1350//404 1370//403
f 1370//403 1350//404 1372//404
f 1372//404 1350//404 1373//405
f 1373//405 1350//404 1348//405
f 1373//405 1348//405 1346//406
f 1345//407 1374//407 1346//406
f 1346//406 1374//407 1375//406
f 1346//406 1375//406 1373//405
f 1345//407 1184//192 1374//407
f 1374//407 1184//192 1187//192
f 1196//254 1198//255 1376//408
f 1376//408 1198//255 1362//409
f 1376//408 1362//409 1363//410
f 1376//408 1363//410 1377//411
f 1377//411 1363//410 1365//412
f 1377//411 1365//412 1378//413
f 1378//413 1365//412 1364//414
f 1378//413 1364//414 1366//415
f 1378//413 1366//415 1379//416
f 1379//416 1366//415 1367//417
f 1379//416 1367//417 1209//245
f 1209//245 1367//417 1368//418
f 1209//245 1368//418 1200//245
f 1211//245 1380//419 1209//245
f 1209//245 1380//419 1381//420
f 1209//245 1381//420 1379//416
f 1379//416 1381//420 1382//421
f 1379//416 1382//421 1378//413
f 1378//413 1382//421 1383//422
f 1378//413 1383//422 1384//423
f 1378//413 1384//423 1377//411
f 1377//411 1384//423 1385//424
f 1377//411 1385//424 1386//425
f 1377//411 1386//425 1376//408
f 1376//408 1386//425 1194//253
f 1376//408 1194//253 1196//254
f 1206//245 1369//426 1218//245
f 1218//245 1369//426 1371//427
f 1218//245 1371//427 1387//428
f 1387//428 1371//427 1370//429
f 1387//428 1370//429 1388//430
f 1388//430 1370//429 1372//431
f 1388//430 1372//431 1373//432
f 1388//430 1373//432 1389//433
f 1389//433 1373//432 1375//434
f 1389//433 1375//434 1374//435
f 1187//249 1390//436 1374//435
f 1374//435 1390//436 1391//437
f 1374//435 1391//437 1389//433
f 1389//433 1391//437 1392//438
f 1389//433 1392//438 1393//439
f 1187//249 1188//250 1390//436
f 1390//436 1392//438 1391//437
f 1393//439 1394//440 1389//433
f 1389//433 1394//440 1388//430
f 1394//440 1395//441 1388//430
f 1388//430 1395//441 1396//442
f 1388//430 1396//442 1387//428
f 1387//428 1396//442 1397//443
f 1387//428 1397//443 1218//245
f 1218//245 1397//443 1217//245
f 1194//165 1386//444 1192//165
f 1192//165 1386//444 1398//444
f 1398//444 1386//444 1399//445
f 1399//445 1386//444 1385//445
f 1399//445 1385//445 1384//446
f 1383//447 1400//447 1384//446
f 1384//446 1400//447 1401//446
f 1384//446 1401//446 1399//445
f 1383//447 1382//448 1400//447
f 1400//447 1382//448 1402//448
f 1402//448 1382//448 1403//449
f 1403//449 1382//448 1381//449
f 1403//449 1381//449 1380//450
f 1211//245 1212//245 1380//450
f 1380//450 1212//245 1404//450
f 1380//450 1404//450 1403//449
f 1216//245 1217//245 1405//451
f 1405//451 1217//245 1397//451
f 1405//451 1397//451 1396//452
f 1395//453 1406//453 1396//452
f 1396//452 1406//453 1407//452
f 1396//452 1407//452 1405//451
f 1395//453 1394//454 1406//453
f 1406//453 1394//454 1408//454
f 1408//454 1394//454 1409//455
f 1409//455 1394//454 1393//455
f 1409//455 1393//455 1392//456
f 1390//457 1410//457 1392//456
f 1392//456 1410//457 1411//456
f 1392//456 1411//456 1409//455
f 1390//457 1188//53 1410//457
f 1410//457 1188//53 1191//53
f 1192//252 1398//458 1191//251
f 1191//251 1398//458 1410//459
f 1410//459 1398//458 1412//460
f 1412//460 1398//458 1399//461
f 1412//460 1399//461 1413//462
f 1413//462 1399//461 1401//463
f 1413//462 1401//463 1414//464
f 1414//464 1401//463 1400//465
f 1414//464 1400//465 1402//466
f 1414//464 1402//466 1415//467
f 1415//467 1402//466 1403//468
f 1415//467 1403//468 1214//245
f 1214//245 1403//468 1404//469
f 1214//245 1404//469 1212//245
f 1216//245 1405//470 1214//245
f 1214//245 1405//470 1415//467
f 1405//470 1407//471 1415//467
f 1415//467 1407//471 1414//464
f 1407//471 1406//472 1414//464
f 1414//464 1406//472 1408//473
f 1414//464 1408//473 1413//462
f 1413//462 1408//473 1409//474
f 1413//462 1409//474 1411//475
f 1413//462 1411//475 1412//460
f 1412//460 1411//475 1410//459
usemtl 10_01_17_00566_color_1
f 1416//476 1417//476 1418//477
f 1418//477 1417//476 1419//477
f 1418//477 1419//477 1420//478
f 1420//478 1419//477 1421//478
f 1420//478 1421//478 1422//479
f 1422//479 1421//478 1423//479
f 1424//480 1425//480 1426//481
f 1426//481 1425//480 1427//481
f 1426//481 1427//481 1428//482
f 1428//482 1427//481 1429//482
f 1428//482 1429//482 1430//483
f 1430//483 1429//482 1431//483
f 1432//192 1433//192 1434//192
f 1434//192 1433//192 1435//192
f 1179//192 1436//192 1437//192
f 1437//192 1436//192 1438//192
f 1437//192 1438//192 1439//192
f 1179//192 1177//192 1436//192
f 1440//192 1441//192 1442//192
f 1442//192 1441//192 1443//192
f 1444//165 1445//165 1446//165
f 1446//165 1445//165 1447//165
f 1448//165 1449//165 1450//165
f 1450//165 1449//165 1451//165
f 1450//165 1451//165 1452//165
f 1452//165 1451//165 1453//165
f 1454//165 1455//165 1456//165
f 1456//165 1455//165 1457//165
f 1458//484 1459//484 1460//485
f 1460//485 1459//484 1461//485
f 1460//485 1461//485 1462//486
f 1462//486 1461//485 1463//486
f 1462//486 1463//486 1464//487
f 1464//487 1463//486 1465//487
f 1466//488 1467//488 1468//489
f 1468//489 1467//488 1469//489
f 1468//489 1469//489 1470//490
f 1470//490 1469//489 1471//490
f 1470//490 1471//490 1472//491
f 1472//491 1471//490 1473//491
f 1455//241 1425//241 1457//241
f 1457//241 1425//241 1424//241
f 1457//241 1424//241 1474//241
f 1474//241 1424//241 1475//241
f 1444//242 1446//242 1473//242
f 1473//242 1446//242 1472//242
f 1446//242 1476//242 1472//242
f 1472//242 1476//242 1477//242
f 1443//243 1458//243 1442//243
f 1442//243 1458//243 1478//243
f 1442//243 1478//243 1479//243
f 1443//243 1459//243 1458//243
f 1433//244 1432//244 1423//244
f 1423//244 1432//244 1422//244
f 1432//244 1480//244 1422//244
f 1422//244 1480//244 1481//244
f 1482//476 1173//476 1483//477
f 1483//477 1173//476 1166//477
f 1483//477 1166//477 1484//478
f 1484//478 1166//477 1168//478
f 1484//478 1168//478 1088//479
f 1088//479 1168//478 1086//479
f 1071//480 1069//480 1485//481
f 1485//481 1069//480 1162//481
f 1485//481 1162//481 1486//482
f 1486//482 1162//481 1164//482
f 1486//482 1164//482 1487//483
f 1487//483 1164//482 1165//483
f 1081//484 1080//484 1488//485
f 1488//485 1080//484 1118//485
f 1488//485 1118//485 1489//486
f 1489//486 1118//485 1120//486
f 1489//486 1120//486 1490//487
f 1490//487 1120//486 1121//487
f 1491//488 1129//488 1492//489
f 1492//489 1129//488 1122//489
f 1492//489 1122//489 1493//490
f 1493//490 1122//489 1124//490
f 1493//490 1124//490 1076//491
f 1076//491 1124//490 1074//491
f 1494//476 1153//476 1495//477
f 1495//477 1153//476 1146//477
f 1495//477 1146//477 1496//478
f 1496//478 1146//477 1148//478
f 1496//478 1148//478 1064//479
f 1064//479 1148//478 1062//479
f 1047//480 1045//480 1497//481
f 1497//481 1045//480 1142//481
f 1497//481 1142//481 1498//482
f 1498//482 1142//481 1144//482
f 1498//482 1144//482 1499//483
f 1499//483 1144//482 1145//483
f 1057//484 1056//484 1500//485
f 1500//485 1056//484 1098//485
f 1500//485 1098//485 1501//486
f 1501//486 1098//485 1100//486
f 1501//486 1100//486 1502//487
f 1502//487 1100//486 1101//487
f 1503//488 1109//488 1504//489
f 1504//489 1109//488 1102//489
f 1504//489 1102//489 1505//490
f 1505//490 1102//489 1104//490
f 1505//490 1104//490 1052//491
f 1052//491 1104//490 1050//491
f 1055//165 1111//165 1051//165
f 1051//165 1111//165 1506//165
f 1135//165 1133//165 1507//165
f 1507//165 1133//165 1508//165
f 1507//165 1508//165 1509//165
f 1509//165 1508//165 1510//165
f 1136//165 1044//165 1511//165
f 1511//165 1044//165 1046//165
f 1079//165 1131//165 1075//165
f 1075//165 1131//165 1512//165
f 1513//165 1514//165 1515//165
f 1515//165 1514//165 1516//165
f 1515//165 1516//165 1517//165
f 1517//165 1516//165 1518//165
f 1156//165 1068//165 1519//165
f 1519//165 1068//165 1070//165
f 1087//192 1091//192 1520//192
f 1520//192 1091//192 1175//192
f 1521//192 1522//192 1523//192
f 1523//192 1522//192 1524//192
f 1523//192 1524//192 1525//192
f 1521//192 1526//192 1522//192
f 1527//192 1112//192 1083//192
f 1083//192 1112//192 1082//192
f 1063//192 1067//192 1528//192
f 1528//192 1067//192 1155//192
f 1529//192 1530//192 1531//192
f 1531//192 1530//192 1532//192
f 1531//192 1532//192 1533//192
f 1529//192 1534//192 1530//192
f 1535//192 1092//192 1059//192
f 1059//192 1092//192 1058//192
f 1480//245 1439//245 1481//245
f 1481//245 1439//245 1536//245
f 1537//245 1538//245 1438//245
f 1438//245 1538//245 1452//245
f 1438//245 1452//245 1439//245
f 1439//245 1452//245 1453//245
f 1439//245 1453//245 1539//245
f 1539//245 1453//245 1540//245
f 1479//245 1478//245 1438//245
f 1438//245 1478//245 1541//245
f 1438//245 1541//245 1537//245
f 1538//245 1542//245 1452//245
f 1452//245 1542//245 1543//245
f 1452//245 1543//245 1477//245
f 1477//245 1476//245 1452//245
f 1474//245 1475//245 1453//245
f 1453//245 1475//245 1544//245
f 1453//245 1544//245 1540//245
f 1539//245 1545//245 1439//245
f 1439//245 1545//245 1536//245
f 1457//192 1474//192 1546//192
f 1546//192 1474//192 1547//192
f 1474//192 1453//192 1547//192
f 1442//165 1479//165 1548//165
f 1548//165 1479//165 1549//165
f 1479//165 1438//165 1549//165
f 1550//492 1551//53 1538//53
f 1538//53 1551//53 1552//493
f 1538//53 1552//493 1542//494
f 1542//494 1552//493 1553//495
f 1542//494 1553//495 1543//496
f 1543//496 1553//495 1554//497
f 1543//496 1554//497 1477//479
f 1477//479 1554//497 1555//498
f 1477//479 1555//498 1556//498
f 1538//53 1537//499 1550//492
f 1550//492 1537//499 1557//500
f 1537//499 1541//501 1557//500
f 1557//500 1541//501 1558//502
f 1541//501 1478//480 1558//502
f 1558//502 1478//480 1559//503
f 1458//480 1560//504 1478//480
f 1478//480 1560//504 1561//505
f 1478//480 1561//505 1562//503
f 1562//503 1559//503 1478//480
f 1556//498 1563//506 1477//479
f 1477//479 1563//506 1564//507
f 1477//479 1564//507 1472//479
f 1259//245 1227//245 849//245
f 849//245 1227//245 847//245
f 847//245 1227//245 845//245
f 845//245 1227//245 1225//245
f 845//245 1225//245 843//245
f 843//245 1225//245 1223//245
f 843//245 1223//245 1565//245
f 1565//245 1223//245 1221//245
f 1565//245 1221//245 1566//245
f 1566//245 1221//245 1558//245
f 1566//245 1558//245 1567//245
f 1568//245 1569//245 1570//245
f 1570//245 1569//245 756//245
f 1570//245 756//245 1571//245
f 1571//245 756//245 1572//245
f 1571//245 1572//245 1228//245
f 1228//245 1572//245 1573//245
f 1228//245 1573//245 1221//245
f 1221//245 1573//245 1574//245
f 1221//245 1574//245 1552//245
f 1552//245 1574//245 814//245
f 1552//245 814//245 1553//245
f 1553//245 814//245 816//245
f 1553//245 816//245 818//245
f 1575//245 1576//245 1231//245
f 1231//245 1576//245 1577//245
f 1231//245 1577//245 1233//245
f 1233//245 1577//245 785//245
f 1233//245 785//245 1235//245
f 1235//245 785//245 787//245
f 1235//245 787//245 1228//245
f 1228//245 787//245 789//245
f 1228//245 789//245 1578//245
f 1578//245 789//245 791//245
f 1231//245 1241//245 1575//245
f 1578//245 1579//245 1228//245
f 1228//245 1579//245 1580//245
f 1228//245 1580//245 1581//245
f 1581//245 1571//245 1228//245
f 1570//245 1582//245 1568//245
f 1568//245 1582//245 1583//245
f 1572//245 756//245 1584//245
f 1584//245 756//245 758//245
f 1584//245 758//245 760//245
f 762//245 1585//245 760//245
f 760//245 1585//245 1584//245
f 1574//245 1586//245 814//245
f 814//245 1586//245 1587//245
f 1587//245 1586//245 1588//245
f 1588//245 1586//245 1589//245
f 1588//245 1589//245 1590//245
f 820//245 1554//245 818//245
f 818//245 1554//245 1553//245
f 1552//245 1551//245 1221//245
f 1221//245 1551//245 1550//245
f 1221//245 1550//245 1557//245
f 1557//245 1558//245 1221//245
f 1446//192 1591//192 1476//192
f 1476//192 1591//192 1592//192
f 1476//192 1592//192 1452//192
f 1059//165 1061//165 1593//165
f 1593//165 1061//165 1594//165
f 1061//165 1532//165 1594//165
f 1509//192 1053//192 1595//192
f 1595//192 1053//192 1596//192
f 1053//192 1051//192 1596//192
f 1083//165 1085//165 1597//165
f 1597//165 1085//165 1598//165
f 1085//165 1524//165 1598//165
f 1517//192 1077//192 1599//192
f 1599//192 1077//192 1600//192
f 1077//192 1075//192 1600//192
f 1440//508 1601//509 1441//508
f 1441//508 1601//509 1602//509
f 1601//509 1603//510 1602//509
f 1602//509 1603//510 1604//510
f 1603//510 1605//511 1604//510
f 1604//510 1605//511 1606//511
f 1606//511 1605//511 1607//512
f 1607//512 1605//511 1608//512
f 1607//512 1608//512 1609//513
f 1607//512 1609//513 1610//513
f 1610//513 1609//513 1611//514
f 1610//513 1611//514 1612//514
f 1612//514 1611//514 1465//515
f 1611//514 1464//515 1465//515
f 1440//41 1442//41 1601//41
f 1601//41 1442//41 1603//41
f 1442//41 1548//41 1603//41
f 1603//41 1548//41 1605//41
f 1548//41 1613//41 1605//41
f 1605//41 1613//41 1614//41
f 1605//41 1614//41 1608//41
f 1608//41 1614//41 1562//41
f 1608//41 1562//41 1561//41
f 1608//41 1561//41 1609//41
f 1609//41 1561//41 1560//41
f 1609//41 1560//41 1458//41
f 1458//41 1460//41 1609//41
f 1609//41 1460//41 1611//41
f 1460//41 1462//41 1611//41
f 1611//41 1462//41 1464//41
f 1467//516 1466//516 1615//517
f 1615//517 1466//516 1616//517
f 1615//517 1616//517 1617//518
f 1615//517 1617//518 1618//518
f 1618//518 1617//518 1619//519
f 1618//518 1619//519 1620//519
f 1620//519 1619//519 1621//520
f 1619//519 1622//520 1621//520
f 1621//520 1622//520 1623//521
f 1621//520 1623//521 1624//521
f 1624//521 1623//521 1625//522
f 1624//521 1625//522 1626//522
f 1626//522 1625//522 1447//523
f 1626//522 1447//523 1445//523
f 1466//41 1468//41 1616//41
f 1616//41 1468//41 1470//41
f 1616//41 1470//41 1617//41
f 1617//41 1470//41 1472//41
f 1617//41 1472//41 1564//41
f 1564//41 1563//41 1617//41
f 1617//41 1563//41 1619//41
f 1563//41 1556//41 1619//41
f 1619//41 1556//41 1627//41
f 1619//41 1627//41 1622//41
f 1622//41 1627//41 1628//41
f 1622//41 1628//41 1591//41
f 1622//41 1591//41 1623//41
f 1623//41 1591//41 1446//41
f 1623//41 1446//41 1625//41
f 1625//41 1446//41 1447//41
f 1549//165 1629//524 1548//165
f 1548//165 1629//524 1613//525
f 1629//524 1630//526 1613//525
f 1613//525 1630//526 1614//527
f 1630//526 1631//528 1614//527
f 1614//527 1631//528 1562//503
f 1631//528 1559//503 1562//503
f 1555//498 1632//529 1556//498
f 1556//498 1632//529 1627//530
f 1632//529 1633//531 1627//530
f 1627//530 1633//531 1628//532
f 1633//531 1634//533 1628//532
f 1628//532 1634//533 1591//192
f 1634//533 1592//192 1591//192
f 1535//508 1635//509 1092//508
f 1092//508 1635//509 1093//509
f 1635//509 1636//510 1093//509
f 1093//509 1636//510 1094//510
f 1636//510 1637//511 1094//510
f 1094//510 1637//511 1095//511
f 1095//511 1637//511 1096//512
f 1096//512 1637//511 1638//512
f 1096//512 1638//512 1639//513
f 1096//512 1639//513 1097//513
f 1097//513 1639//513 1640//514
f 1097//513 1640//514 1099//514
f 1099//514 1640//514 1101//515
f 1640//514 1502//515 1101//515
f 1535//41 1059//41 1635//41
f 1635//41 1059//41 1636//41
f 1059//41 1593//41 1636//41
f 1636//41 1593//41 1637//41
f 1593//41 1641//41 1637//41
f 1637//41 1641//41 1642//41
f 1637//41 1642//41 1638//41
f 1638//41 1642//41 1643//41
f 1638//41 1643//41 1644//41
f 1638//41 1644//41 1639//41
f 1639//41 1644//41 1645//41
f 1639//41 1645//41 1057//41
f 1057//41 1500//41 1639//41
f 1639//41 1500//41 1640//41
f 1500//41 1501//41 1640//41
f 1640//41 1501//41 1502//41
f 1109//516 1503//516 1103//517
f 1103//517 1503//516 1646//517
f 1103//517 1646//517 1647//518
f 1103//517 1647//518 1105//518
f 1105//518 1647//518 1648//519
f 1105//518 1648//519 1106//519
f 1106//519 1648//519 1107//520
f 1648//519 1649//520 1107//520
f 1107//520 1649//520 1650//521
f 1107//520 1650//521 1108//521
f 1108//521 1650//521 1651//522
f 1108//521 1651//522 1110//522
f 1110//522 1651//522 1506//523
f 1110//522 1506//523 1111//523
f 1503//41 1504//41 1646//41
f 1646//41 1504//41 1505//41
f 1646//41 1505//41 1647//41
f 1647//41 1505//41 1052//41
f 1647//41 1052//41 1652//41
f 1652//41 1653//41 1647//41
f 1647//41 1653//41 1648//41
f 1653//41 1654//41 1648//41
f 1648//41 1654//41 1655//41
f 1648//41 1655//41 1649//41
f 1649//41 1655//41 1656//41
f 1649//41 1656//41 1596//41
f 1649//41 1596//41 1650//41
f 1650//41 1596//41 1051//41
f 1650//41 1051//41 1651//41
f 1651//41 1051//41 1506//41
f 1594//165 1657//524 1593//165
f 1593//165 1657//524 1641//525
f 1657//524 1658//526 1641//525
f 1641//525 1658//526 1642//527
f 1658//526 1659//528 1642//527
f 1642//527 1659//528 1643//503
f 1659//528 1660//503 1643//503
f 1661//498 1662//529 1654//498
f 1654//498 1662//529 1655//530
f 1662//529 1663//531 1655//530
f 1655//530 1663//531 1656//532
f 1663//531 1664//533 1656//532
f 1656//532 1664//533 1596//192
f 1664//533 1595//192 1596//192
f 1571//492 1581//53 1665//53
f 1665//53 1581//53 1580//493
f 1665//53 1580//493 1666//494
f 1666//494 1580//493 1579//495
f 1666//494 1579//495 1667//496
f 1667//496 1579//495 1578//497
f 1667//496 1578//497 1054//479
f 1054//479 1578//497 1661//498
f 1054//479 1661//498 1654//498
f 1665//53 1668//499 1571//492
f 1571//492 1668//499 1570//500
f 1668//499 1669//501 1570//500
f 1570//500 1669//501 1582//502
f 1669//501 1060//480 1582//502
f 1582//502 1060//480 1660//503
f 1057//480 1645//504 1060//480
f 1060//480 1645//504 1644//505
f 1060//480 1644//505 1643//503
f 1643//503 1660//503 1060//480
f 1654//498 1653//506 1054//479
f 1054//479 1653//506 1652//507
f 1054//479 1652//507 1052//479
f 1670//498 1671//529 1672//498
f 1672//498 1671//529 1673//530
f 1671//529 1674//531 1673//530
f 1673//530 1674//531 1675//532
f 1674//531 1676//533 1675//532
f 1675//532 1676//533 1600//192
f 1676//533 1599//192 1600//192
f 1598//165 1677//524 1597//165
f 1597//165 1677//524 1678//525
f 1677//524 1679//526 1678//525
f 1678//525 1679//526 1680//527
f 1679//526 1681//528 1680//527
f 1680//527 1681//528 1682//503
f 1681//528 1683//503 1682//503
f 1574//492 1573//53 1684//53
f 1684//53 1573//53 1572//493
f 1684//53 1572//493 1685//494
f 1685//494 1572//493 1584//495
f 1685//494 1584//495 1686//496
f 1686//496 1584//495 1585//497
f 1686//496 1585//497 1078//479
f 1078//479 1585//497 1670//498
f 1078//479 1670//498 1672//498
f 1684//53 1687//499 1574//492
f 1574//492 1687//499 1586//500
f 1687//499 1688//501 1586//500
f 1586//500 1688//501 1589//502
f 1688//501 1084//480 1589//502
f 1589//502 1084//480 1683//503
f 1081//480 1689//504 1084//480
f 1084//480 1689//504 1690//505
f 1084//480 1690//505 1682//503
f 1682//503 1683//503 1084//480
f 1672//498 1691//506 1078//479
f 1078//479 1691//506 1692//507
f 1078//479 1692//507 1076//479
f 1527//508 1693//509 1112//508
f 1112//508 1693//509 1113//509
f 1693//509 1694//510 1113//509
f 1113//509 1694//510 1114//510
f 1694//510 1695//511 1114//510
f 1114//510 1695//511 1115//511
f 1115//511 1695//511 1116//512
f 1116//512 1695//511 1696//512
f 1116//512 1696//512 1697//513
f 1116//512 1697//513 1117//513
f 1117//513 1697//513 1698//514
f 1117//513 1698//514 1119//514
f 1119//514 1698//514 1121//515
f 1698//514 1490//515 1121//515
f 1527//41 1083//41 1693//41
f 1693//41 1083//41 1694//41
f 1083//41 1597//41 1694//41
f 1694//41 1597//41 1695//41
f 1597//41 1678//41 1695//41
f 1695//41 1678//41 1680//41
f 1695//41 1680//41 1696//41
f 1696//41 1680//41 1682//41
f 1696//41 1682//41 1690//41
f 1696//41 1690//41 1697//41
f 1697//41 1690//41 1689//41
f 1697//41 1689//41 1081//41
f 1081//41 1488//41 1697//41
f 1697//41 1488//41 1698//41
f 1488//41 1489//41 1698//41
f 1698//41 1489//41 1490//41
f 1129//516 1491//516 1123//517
f 1123//517 1491//516 1699//517
f 1123//517 1699//517 1700//518
f 1123//517 1700//518 1125//518
f 1125//518 1700//518 1701//519
f 1125//518 1701//519 1126//519
f 1126//519 1701//519 1127//520
f 1701//519 1702//520 1127//520
f 1127//520 1702//520 1703//521
f 1127//520 1703//521 1128//521
f 1128//521 1703//521 1704//522
f 1128//521 1704//522 1130//522
f 1130//522 1704//522 1512//523
f 1130//522 1512//523 1131//523
f 1491//41 1492//41 1699//41
f 1699//41 1492//41 1493//41
f 1699//41 1493//41 1700//41
f 1700//41 1493//41 1076//41
f 1700//41 1076//41 1692//41
f 1692//41 1691//41 1700//41
f 1700//41 1691//41 1701//41
f 1691//41 1672//41 1701//41
f 1701//41 1672//41 1673//41
f 1701//41 1673//41 1702//41
f 1702//41 1673//41 1675//41
f 1702//41 1675//41 1600//41
f 1702//41 1600//41 1703//41
f 1703//41 1600//41 1075//41
f 1703//41 1075//41 1704//41
f 1704//41 1075//41 1512//41
f 1513//53 1515//53 1534//53
f 1534//53 1515//53 1530//53
f 1448//53 1450//53 1526//53
f 1526//53 1450//53 1522//53
f 1176//53 1258//53 1177//53
f 1177//53 1258//53 1436//53
f 1135//53 1507//53 1134//53
f 1134//53 1507//53 1240//53
f 791//534 793//534 1578//534
f 1578//534 793//534 794//534
f 1578//534 794//534 1661//534
f 1661//534 794//534 796//534
f 1661//534 796//534 1662//534
f 1662//534 796//534 798//534
f 1662//534 798//534 1663//534
f 1663//534 798//534 1664//534
f 798//534 800//534 1664//534
f 1664//534 800//534 1595//534
f 800//534 802//534 1595//534
f 1595//534 802//534 1509//534
f 802//534 804//534 1509//534
f 1509//534 804//534 806//534
f 1509//534 806//534 807//534
f 1509//534 807//534 1507//534
f 1507//534 807//534 809//534
f 1507//534 809//534 811//534
f 811//534 813//534 1507//534
f 1507//534 813//534 1240//534
f 813//534 1705//534 1240//534
f 1240//534 1705//534 1706//534
f 1240//534 1706//534 1707//534
f 1707//534 1708//534 1240//534
f 1240//534 1708//534 1709//534
f 1240//534 1709//534 1710//534
f 1710//534 1711//534 1240//534
f 1240//534 1711//534 1241//534
f 1711//534 1712//534 1241//534
f 1241//534 1712//534 1713//534
f 1241//534 1713//534 1714//534
f 1714//534 1715//534 1241//534
f 1241//534 1715//534 1575//534
f 849//534 851//534 1259//534
f 1259//534 851//534 852//534
f 1259//534 852//534 854//534
f 854//534 856//534 1259//534
f 1259//534 856//534 858//534
f 1259//534 858//534 1258//534
f 1258//534 858//534 860//534
f 1258//534 860//534 862//534
f 862//534 864//534 1258//534
f 1258//534 864//534 865//534
f 1258//534 865//534 867//534
f 867//534 869//534 1258//534
f 1258//534 869//534 871//534
f 1258//534 871//534 1436//534
f 1436//534 871//534 1716//534
f 1436//534 1716//534 1717//534
f 1717//534 1718//534 1436//534
f 1436//534 1718//534 1438//534
f 1718//534 1719//534 1438//534
f 1438//534 1719//534 1720//534
f 1438//534 1720//534 1721//534
f 1438//534 1721//534 1549//534
f 1549//534 1721//534 1722//534
f 1549//534 1722//534 1629//534
f 1629//534 1722//534 1723//534
f 1629//534 1723//534 1630//534
f 1630//534 1723//534 1631//534
f 1723//534 1724//534 1631//534
f 1631//534 1724//534 1559//534
f 1724//534 1725//534 1559//534
f 1559//534 1725//534 1558//534
f 1725//534 1726//534 1558//534
f 1558//534 1726//534 1567//534
f 820//534 822//534 1554//534
f 1554//534 822//534 1555//534
f 822//534 823//534 1555//534
f 1555//534 823//534 1632//534
f 823//534 825//534 1632//534
f 1632//534 825//534 1633//534
f 825//534 827//534 1633//534
f 1633//534 827//534 1634//534
f 827//534 829//534 1634//534
f 1634//534 829//534 1592//534
f 829//534 831//534 1592//534
f 1592//534 831//534 1452//534
f 831//534 833//534 1452//534
f 1452//534 833//534 835//534
f 1452//534 835//534 1450//534
f 1450//534 835//534 836//534
f 1450//534 836//534 838//534
f 838//534 840//534 1450//534
f 1450//534 840//534 842//534
f 1450//534 842//534 1522//534
f 1522//534 842//534 1727//534
f 1522//534 1727//534 1728//534
f 1728//534 1729//534 1522//534
f 1522//534 1729//534 1730//534
f 1522//534 1730//534 1524//534
f 1524//534 1730//534 1731//534
f 1524//534 1731//534 1732//534
f 1524//534 1732//534 1598//534
f 1598//534 1732//534 1733//534
f 1598//534 1733//534 1677//534
f 1677//534 1733//534 1734//534
f 1677//534 1734//534 1679//534
f 1679//534 1734//534 1735//534
f 1679//534 1735//534 1681//534
f 1681//534 1735//534 1736//534
f 1681//534 1736//534 1683//534
f 1683//534 1736//534 1737//534
f 1683//534 1737//534 1589//534
f 1589//534 1737//534 1590//534
f 762//534 764//534 1585//534
f 1585//534 764//534 1670//534
f 764//534 765//534 1670//534
f 1670//534 765//534 1671//534
f 765//534 767//534 1671//534
f 1671//534 767//534 1674//534
f 767//534 769//534 1674//534
f 1674//534 769//534 1676//534
f 769//534 771//534 1676//534
f 1676//534 771//534 1599//534
f 771//534 773//534 1599//534
f 1599//534 773//534 1517//534
f 773//534 775//534 1517//534
f 1517//534 775//534 777//534
f 1517//534 777//534 1515//534
f 1515//534 777//534 778//534
f 1515//534 778//534 780//534
f 780//534 782//534 1515//534
f 1515//534 782//534 784//534
f 1515//534 784//534 1530//534
f 1530//534 784//534 1738//534
f 1530//534 1738//534 1739//534
f 1739//534 1740//534 1530//534
f 1530//534 1740//534 1741//534
f 1530//534 1741//534 1532//534
f 1532//534 1741//534 1742//534
f 1532//534 1742//534 1743//534
f 1532//534 1743//534 1594//534
f 1594//534 1743//534 1744//534
f 1594//534 1744//534 1657//534
f 1657//534 1744//534 1745//534
f 1657//534 1745//534 1658//534
f 1658//534 1745//534 1746//534
f 1658//534 1746//534 1659//534
f 1659//534 1746//534 1747//534
f 1659//534 1747//534 1660//534
f 1660//534 1747//534 1748//534
f 1660//534 1748//534 1582//534
f 1582//534 1748//534 1583//534
f 871//27 870//27 1716//535
f 1716//535 870//27 1749//204
f 1716//535 1749//204 1717//536
f 1717//536 1749//204 1750//206
f 1717//536 1750//206 1718//537
f 1718//537 1750//206 1751//208
f 1718//537 1751//208 1719//538
f 1719//538 1751//208 1720//210
f 1751//208 1752//211 1720//210
f 1720//210 1752//211 1721//539
f 1752//211 1753//213 1721//539
f 1721//539 1753//213 1722//540
f 1753//213 1754//192 1722//540
f 1722//540 1754//192 1723//541
f 1754//192 1755//216 1723//541
f 1723//541 1755//216 1724//542
f 1755//216 1756//218 1724//542
f 1724//542 1756//218 1725//219
f 1756//218 1757//220 1725//219
f 1725//219 1757//220 1726//543
f 1726//543 1757//220 1567//544
f 1567//544 1757//220 1758//223
f 1567//544 1758//223 1566//545
f 1566//545 1758//223 1759//225
f 1566//545 1759//225 1565//546
f 1565//546 1759//225 844//53
f 1565//546 844//53 843//53
f 844//245 1759//245 846//245
f 846//245 1759//245 848//245
f 1759//245 1758//245 848//245
f 848//245 1758//245 850//245
f 1758//245 1757//245 850//245
f 850//245 1757//245 853//245
f 1757//245 1756//245 853//245
f 853//245 1756//245 855//245
f 1756//245 1755//245 855//245
f 855//245 1755//245 857//245
f 1755//245 1754//245 857//245
f 857//245 1754//245 859//245
f 1754//245 1753//245 859//245
f 859//245 1753//245 861//245
f 1753//245 1752//245 861//245
f 861//245 1752//245 863//245
f 1752//245 1751//245 863//245
f 863//245 1751//245 866//245
f 1751//245 1750//245 866//245
f 866//245 1750//245 868//245
f 1750//245 1749//245 868//245
f 868//245 1749//245 870//245
f 842//27 841//27 1727//535
f 1727//535 841//27 1760//204
f 1727//535 1760//204 1728//536
f 1728//536 1760//204 1761//206
f 1728//536 1761//206 1729//537
f 1729//537 1761//206 1762//208
f 1729//537 1762//208 1730//538
f 1730//538 1762//208 1731//210
f 1762//208 1763//211 1731//210
f 1731//210 1763//211 1732//539
f 1763//211 1764//213 1732//539
f 1732//539 1764//213 1733//540
f 1764//213 1765//192 1733//540
f 1733//540 1765//192 1734//541
f 1765//192 1766//216 1734//541
f 1734//541 1766//216 1735//542
f 1766//216 1767//218 1735//542
f 1735//542 1767//218 1736//219
f 1767//218 1768//220 1736//219
f 1736//219 1768//220 1737//543
f 1737//543 1768//220 1590//544
f 1590//544 1768//220 1769//223
f 1590//544 1769//223 1588//545
f 1588//545 1769//223 1770//225
f 1588//545 1770//225 1587//546
f 1587//546 1770//225 815//53
f 1587//546 815//53 814//53
f 815//245 1770//245 817//245
f 817//245 1770//245 819//245
f 1770//245 1769//245 819//245
f 819//245 1769//245 821//245
f 1769//245 1768//245 821//245
f 821//245 1768//245 824//245
f 1768//245 1767//245 824//245
f 824//245 1767//245 826//245
f 1767//245 1766//245 826//245
f 826//245 1766//245 828//245
f 1766//245 1765//245 828//245
f 828//245 1765//245 830//245
f 1765//245 1764//245 830//245
f 830//245 1764//245 832//245
f 1764//245 1763//245 832//245
f 832//245 1763//245 834//245
f 1763//245 1762//245 834//245
f 834//245 1762//245 837//245
f 1762//245 1761//245 837//245
f 837//245 1761//245 839//245
f 1761//245 1760//245 839//245
f 839//245 1760//245 841//245
f 813//27 812//27 1705//535
f 1705//535 812//27 1771//204
f 1705//535 1771//204 1706//536
f 1706//536 1771//204 1772//206
f 1706//536 1772//206 1707//537
f 1707//537 1772//206 1773//208
f 1707//537 1773//208 1708//538
f 1708//538 1773//208 1709//210
f 1773//208 1774//211 1709//210
f 1709//210 1774//211 1710//539
f 1774//211 1775//213 1710//539
f 1710//539 1775//213 1711//540
f 1775//213 1776//192 1711//540
f 1711//540 1776//192 1712//541
f 1776//192 1777//216 1712//541
f 1712//541 1777//216 1713//542
f 1777//216 1778//218 1713//542
f 1713//542 1778//218 1714//219
f 1778//218 1779//220 1714//219
f 1714//219 1779//220 1715//543
f 1715//543 1779//220 1575//544
f 1575//544 1779//220 1780//223
f 1575//544 1780//223 1576//545
f 1576//545 1780//223 1781//225
f 1576//545 1781//225 1577//546
f 1577//546 1781//225 786//53
f 1577//546 786//53 785//53
f 786//245 1781//245 788//245
f 788//245 1781//245 790//245
f 1781//245 1780//245 790//245
f 790//245 1780//245 792//245
f 1780//245 1779//245 792//245
f 792//245 1779//245 795//245
f 1779//245 1778//245 795//245
f 795//245 1778//245 797//245
f 1778//245 1777//245 797//245
f 797//245 1777//245 799//245
f 1777//245 1776//245 799//245
f 799//245 1776//245 801//245
f 1776//245 1775//245 801//245
f 801//245 1775//245 803//245
f 1775//245 1774//245 803//245
f 803//245 1774//245 805//245
f 1774//245 1773//245 805//245
f 805//245 1773//245 808//245
f 1773//245 1772//245 808//245
f 808//245 1772//245 810//245
f 1772//245 1771//245 810//245
f 810//245 1771//245 812//245
f 784//27 783//27 1738//535
f 1738//535 783//27 1782//204
f 1738//535 1782//204 1739//536
f 1739//536 1782//204 1783//206
f 1739//536 1783//206 1740//537
f 1740//537 1783//206 1784//208
f 1740//537 1784//208 1741//538
f 1741//538 1784//208 1742//210
f 1784//208 1785//211 1742//210
f 1742//210 1785//211 1743//539
f 1785//211 1786//213 1743//539
f 1743//539 1786//213 1744//540
f 1786//213 1787//192 1744//540
f 1744//540 1787//192 1745//541
f 1787//192 1788//216 1745//541
f 1745//541 1788//216 1746//542
f 1788//216 1789//218 1746//542
f 1746//542 1789//218 1747//219
f 1789//218 1790//220 1747//219
f 1747//219 1790//220 1748//543
f 1748//543 1790//220 1583//544
f 1583//544 1790//220 1791//223
f 1583//544 1791//223 1568//545
f 1568//545 1791//223 1792//225
f 1568//545 1792//225 1569//546
f 1569//546 1792//225 757//53
f 1569//546 757//53 756//53
f 757//245 1792//245 759//245
f 759//245 1792//245 761//245
f 1792//245 1791//245 761//245
f 761//245 1791//245 763//245
f 1791//245 1790//245 763//245
f 763//245 1790//245 766//245
f 1790//245 1789//245 766//245
f 766//245 1789//245 768//245
f 1789//245 1788//245 768//245
f 768//245 1788//245 770//245
f 1788//245 1787//245 770//245
f 770//245 1787//245 772//245
f 1787//245 1786//245 772//245
f 772//245 1786//245 774//245
f 1786//245 1785//245 774//245
f 774//245 1785//245 776//245
f 1785//245 1784//245 776//245
f 776//245 1784//245 779//245
f 1784//245 1783//245 779//245
f 779//245 1783//245 781//245
f 1783//245 1782//245 781//245
f 781//245 1782//245 783//245
f 1063//165 1793//165 1065//165
f 1065//165 1793//165 1794//165
f 1065//165 1794//165 1533//165
f 1064//491 1066//491 1795//547
f 1795//547 1066//491 1796//548
f 1797//549 1798//27 1799//27
f 1799//27 1798//27 1800//550
f 1799//27 1800//550 1801//551
f 1801//551 1800//550 1802//552
f 1801//551 1802//552 1803//553
f 1803//553 1802//552 1804//554
f 1803//553 1804//554 1066//491
f 1066//491 1804//554 1805//555
f 1066//491 1805//555 1806//555
f 1799//27 1807//556 1797//549
f 1797//549 1807//556 1808//557
f 1807//556 1809//558 1808//557
f 1808//557 1809//558 1810//559
f 1809//558 1049//484 1810//559
f 1810//559 1049//484 1811//560
f 1047//484 1812//561 1049//484
f 1049//484 1812//561 1813//562
f 1049//484 1813//562 1814//560
f 1814//560 1811//560 1049//484
f 1806//555 1796//548 1066//491
f 1087//165 1815//165 1089//165
f 1089//165 1815//165 1816//165
f 1089//165 1816//165 1525//165
f 1088//491 1090//491 1817//547
f 1817//547 1090//491 1818//548
f 1819//549 1820//27 1821//27
f 1821//27 1820//27 1822//550
f 1821//27 1822//550 1823//551
f 1823//551 1822//550 1824//552
f 1823//551 1824//552 1825//553
f 1825//553 1824//552 1826//554
f 1825//553 1826//554 1090//491
f 1090//491 1826//554 1827//555
f 1090//491 1827//555 1828//555
f 1821//27 1829//556 1819//549
f 1819//549 1829//556 1830//557
f 1829//556 1831//558 1830//557
f 1830//557 1831//558 1832//559
f 1831//558 1073//484 1832//559
f 1832//559 1073//484 1833//560
f 1071//484 1834//561 1073//484
f 1073//484 1834//561 1835//562
f 1073//484 1835//562 1836//560
f 1836//560 1833//560 1073//484
f 1828//555 1818//548 1090//491
f 1237//245 1236//245 733//245
f 733//245 1236//245 731//245
f 731//245 1236//245 729//245
f 729//245 1236//245 1247//245
f 729//245 1247//245 727//245
f 727//245 1247//245 1245//245
f 727//245 1245//245 1837//245
f 1837//245 1245//245 1243//245
f 1837//245 1243//245 1838//245
f 1838//245 1243//245 1810//245
f 1838//245 1810//245 1839//245
f 1840//245 1841//245 1842//245
f 1842//245 1841//245 640//245
f 1842//245 640//245 1843//245
f 1843//245 640//245 1822//245
f 1843//245 1822//245 1248//245
f 1248//245 1822//245 1820//245
f 1248//245 1820//245 1243//245
f 1243//245 1820//245 1819//245
f 1243//245 1819//245 1800//245
f 1800//245 1819//245 698//245
f 1800//245 698//245 1802//245
f 1802//245 698//245 700//245
f 1802//245 700//245 702//245
f 1844//245 1845//245 1251//245
f 1251//245 1845//245 1846//245
f 1251//245 1846//245 1253//245
f 1253//245 1846//245 669//245
f 1253//245 669//245 1255//245
f 1255//245 669//245 671//245
f 1255//245 671//245 1248//245
f 1248//245 671//245 673//245
f 1248//245 673//245 1847//245
f 1847//245 673//245 675//245
f 1251//245 1256//245 1844//245
f 1847//245 1848//245 1248//245
f 1248//245 1848//245 1849//245
f 1248//245 1849//245 1850//245
f 1850//245 1843//245 1248//245
f 1842//245 1851//245 1840//245
f 1840//245 1851//245 1852//245
f 1822//245 640//245 1824//245
f 1824//245 640//245 642//245
f 1824//245 642//245 644//245
f 646//245 1826//245 644//245
f 644//245 1826//245 1824//245
f 1819//245 1830//245 698//245
f 698//245 1830//245 1853//245
f 1853//245 1830//245 1854//245
f 1854//245 1830//245 1832//245
f 1854//245 1832//245 1855//245
f 704//245 1804//245 702//245
f 702//245 1804//245 1802//245
f 1800//245 1798//245 1243//245
f 1243//245 1798//245 1797//245
f 1243//245 1797//245 1808//245
f 1808//245 1810//245 1243//245
f 1046//192 1048//192 1856//192
f 1856//192 1048//192 1857//192
f 1048//192 1510//192 1857//192
f 1432//165 1858//165 1480//165
f 1480//165 1858//165 1859//165
f 1480//165 1859//165 1439//165
f 1070//192 1072//192 1860//192
f 1860//192 1072//192 1861//192
f 1072//192 1518//192 1861//192
f 1511//563 1862//564 1136//563
f 1136//563 1862//564 1137//564
f 1862//564 1863//565 1137//564
f 1137//564 1863//565 1138//565
f 1863//565 1864//566 1138//565
f 1138//565 1864//566 1139//566
f 1139//566 1864//566 1140//567
f 1140//567 1864//566 1865//567
f 1140//567 1865//567 1866//568
f 1140//567 1866//568 1141//568
f 1141//568 1866//568 1867//569
f 1141//568 1867//569 1143//569
f 1143//569 1867//569 1145//570
f 1867//569 1499//570 1145//570
f 1511//41 1046//41 1862//41
f 1862//41 1046//41 1863//41
f 1046//41 1856//41 1863//41
f 1863//41 1856//41 1864//41
f 1856//41 1868//41 1864//41
f 1864//41 1868//41 1869//41
f 1864//41 1869//41 1865//41
f 1865//41 1869//41 1814//41
f 1865//41 1814//41 1813//41
f 1865//41 1813//41 1866//41
f 1866//41 1813//41 1812//41
f 1866//41 1812//41 1047//41
f 1047//41 1497//41 1866//41
f 1866//41 1497//41 1867//41
f 1497//41 1498//41 1867//41
f 1867//41 1498//41 1499//41
f 1153//571 1494//571 1147//572
f 1147//572 1494//571 1870//572
f 1147//572 1870//572 1871//573
f 1147//572 1871//573 1149//573
f 1149//573 1871//573 1872//574
f 1149//573 1872//574 1150//574
f 1150//574 1872//574 1151//575
f 1872//574 1873//575 1151//575
f 1151//575 1873//575 1874//576
f 1151//575 1874//576 1152//576
f 1152//576 1874//576 1875//577
f 1152//576 1875//577 1154//577
f 1154//577 1875//577 1528//578
f 1154//577 1528//578 1155//578
f 1494//41 1495//41 1870//41
f 1870//41 1495//41 1496//41
f 1870//41 1496//41 1871//41
f 1871//41 1496//41 1064//41
f 1871//41 1064//41 1795//41
f 1795//41 1796//41 1871//41
f 1871//41 1796//41 1872//41
f 1796//41 1806//41 1872//41
f 1872//41 1806//41 1876//41
f 1872//41 1876//41 1873//41
f 1873//41 1876//41 1877//41
f 1873//41 1877//41 1793//41
f 1873//41 1793//41 1874//41
f 1874//41 1793//41 1063//41
f 1874//41 1063//41 1875//41
f 1875//41 1063//41 1528//41
f 1857//192 1878//579 1856//192
f 1856//192 1878//579 1868//580
f 1878//579 1879//581 1868//580
f 1868//580 1879//581 1869//582
f 1879//581 1880//583 1869//582
f 1869//582 1880//583 1814//560
f 1880//583 1811//560 1814//560
f 1805//555 1881//584 1806//555
f 1806//555 1881//584 1876//585
f 1881//584 1882//586 1876//585
f 1876//585 1882//586 1877//587
f 1882//586 1883//588 1877//587
f 1877//587 1883//588 1793//165
f 1883//588 1794//165 1793//165
f 1456//563 1884//564 1454//563
f 1454//563 1884//564 1885//564
f 1884//564 1886//565 1885//564
f 1885//564 1886//565 1887//565
f 1886//565 1888//566 1887//565
f 1887//565 1888//566 1889//566
f 1889//566 1888//566 1890//567
f 1890//567 1888//566 1891//567
f 1890//567 1891//567 1892//568
f 1890//567 1892//568 1893//568
f 1893//568 1892//568 1894//569
f 1893//568 1894//569 1895//569
f 1895//569 1894//569 1431//570
f 1894//569 1430//570 1431//570
f 1456//41 1457//41 1884//41
f 1884//41 1457//41 1886//41
f 1457//41 1546//41 1886//41
f 1886//41 1546//41 1888//41
f 1546//41 1896//41 1888//41
f 1888//41 1896//41 1897//41
f 1888//41 1897//41 1891//41
f 1891//41 1897//41 1898//41
f 1891//41 1898//41 1899//41
f 1891//41 1899//41 1892//41
f 1892//41 1899//41 1900//41
f 1892//41 1900//41 1424//41
f 1424//41 1426//41 1892//41
f 1892//41 1426//41 1894//41
f 1426//41 1428//41 1894//41
f 1894//41 1428//41 1430//41
f 1417//571 1416//571 1901//572
f 1901//572 1416//571 1902//572
f 1901//572 1902//572 1903//573
f 1901//572 1903//573 1904//573
f 1904//573 1903//573 1905//574
f 1904//573 1905//574 1906//574
f 1906//574 1905//574 1907//575
f 1905//574 1908//575 1907//575
f 1907//575 1908//575 1909//576
f 1907//575 1909//576 1910//576
f 1910//576 1909//576 1911//577
f 1910//576 1911//577 1912//577
f 1912//577 1911//577 1434//578
f 1912//577 1434//578 1435//578
f 1416//41 1418//41 1902//41
f 1902//41 1418//41 1420//41
f 1902//41 1420//41 1903//41
f 1903//41 1420//41 1422//41
f 1903//41 1422//41 1913//41
f 1913//41 1914//41 1903//41
f 1903//41 1914//41 1905//41
f 1914//41 1915//41 1905//41
f 1905//41 1915//41 1916//41
f 1905//41 1916//41 1908//41
f 1908//41 1916//41 1917//41
f 1908//41 1917//41 1858//41
f 1908//41 1858//41 1909//41
f 1909//41 1858//41 1432//41
f 1909//41 1432//41 1911//41
f 1911//41 1432//41 1434//41
f 1547//192 1918//579 1546//192
f 1546//192 1918//579 1896//580
f 1918//579 1919//581 1896//580
f 1896//580 1919//581 1897//582
f 1919//581 1920//583 1897//582
f 1897//582 1920//583 1898//560
f 1920//583 1921//560 1898//560
f 1922//555 1923//584 1915//555
f 1915//555 1923//584 1916//585
f 1923//584 1924//586 1916//585
f 1916//585 1924//586 1917//587
f 1924//586 1925//588 1917//587
f 1917//587 1925//588 1858//165
f 1925//588 1859//165 1858//165
f 1422//491 1481//491 1913//547
f 1913//547 1481//491 1914//548
f 1843//549 1850//27 1539//27
f 1539//27 1850//27 1849//550
f 1539//27 1849//550 1545//551
f 1545//551 1849//550 1848//552
f 1545//551 1848//552 1536//553
f 1536//553 1848//552 1847//554
f 1536//553 1847//554 1481//491
f 1481//491 1847//554 1922//555
f 1481//491 1922//555 1915//555
f 1539//27 1540//556 1843//549
f 1843//549 1540//556 1842//557
f 1540//556 1544//558 1842//557
f 1842//557 1544//558 1851//559
f 1544//558 1475//484 1851//559
f 1851//559 1475//484 1921//560
f 1424//484 1900//561 1475//484
f 1475//484 1900//561 1899//562
f 1475//484 1899//562 1898//560
f 1898//560 1921//560 1475//484
f 1915//555 1914//548 1481//491
f 1827//555 1926//584 1828//555
f 1828//555 1926//584 1927//585
f 1926//584 1928//586 1927//585
f 1927//585 1928//586 1929//587
f 1928//586 1930//588 1929//587
f 1929//587 1930//588 1815//165
f 1930//588 1816//165 1815//165
f 1861//192 1931//579 1860//192
f 1860//192 1931//579 1932//580
f 1931//579 1933//581 1932//580
f 1932//580 1933//581 1934//582
f 1933//581 1935//583 1934//582
f 1934//582 1935//583 1836//560
f 1935//583 1833//560 1836//560
f 1519//563 1936//564 1156//563
f 1156//563 1936//564 1157//564
f 1936//564 1937//565 1157//564
f 1157//564 1937//565 1158//565
f 1937//565 1938//566 1158//565
f 1158//565 1938//566 1159//566
f 1159//566 1938//566 1160//567
f 1160//567 1938//566 1939//567
f 1160//567 1939//567 1940//568
f 1160//567 1940//568 1161//568
f 1161//568 1940//568 1941//569
f 1161//568 1941//569 1163//569
f 1163//569 1941//569 1165//570
f 1941//569 1487//570 1165//570
f 1519//41 1070//41 1936//41
f 1936//41 1070//41 1937//41
f 1070//41 1860//41 1937//41
f 1937//41 1860//41 1938//41
f 1860//41 1932//41 1938//41
f 1938//41 1932//41 1934//41
f 1938//41 1934//41 1939//41
f 1939//41 1934//41 1836//41
f 1939//41 1836//41 1835//41
f 1939//41 1835//41 1940//41
f 1940//41 1835//41 1834//41
f 1940//41 1834//41 1071//41
f 1071//41 1485//41 1940//41
f 1940//41 1485//41 1941//41
f 1485//41 1486//41 1941//41
f 1941//41 1486//41 1487//41
f 1173//571 1482//571 1167//572
f 1167//572 1482//571 1942//572
f 1167//572 1942//572 1943//573
f 1167//572 1943//573 1169//573
f 1169//573 1943//573 1944//574
f 1169//573 1944//574 1170//574
f 1170//574 1944//574 1171//575
f 1944//574 1945//575 1171//575
f 1171//575 1945//575 1946//576
f 1171//575 1946//576 1172//576
f 1172//576 1946//576 1947//577
f 1172//576 1947//577 1174//577
f 1174//577 1947//577 1520//578
f 1174//577 1520//578 1175//578
f 1482//41 1483//41 1942//41
f 1942//41 1483//41 1484//41
f 1942//41 1484//41 1943//41
f 1943//41 1484//41 1088//41
f 1943//41 1088//41 1817//41
f 1817//41 1818//41 1943//41
f 1943//41 1818//41 1944//41
f 1818//41 1828//41 1944//41
f 1944//41 1828//41 1927//41
f 1944//41 1927//41 1945//41
f 1945//41 1927//41 1929//41
f 1945//41 1929//41 1815//41
f 1945//41 1815//41 1946//41
f 1946//41 1815//41 1087//41
f 1946//41 1087//41 1947//41
f 1947//41 1087//41 1520//41
f 1523//27 1451//27 1521//27
f 1521//27 1451//27 1449//27
f 1531//27 1516//27 1529//27
f 1529//27 1516//27 1514//27
f 1239//27 1508//27 1132//27
f 1132//27 1508//27 1133//27
f 1437//27 1257//27 1179//27
f 1179//27 1257//27 1178//27
f 675//589 677//589 1847//589
f 1847//589 677//589 678//589
f 1847//589 678//589 1922//589
f 1922//589 678//589 680//589
f 1922//589 680//589 1923//589
f 1923//589 680//589 682//589
f 1923//589 682//589 1924//589
f 1924//589 682//589 1925//589
f 682//589 684//589 1925//589
f 1925//589 684//589 1859//589
f 684//589 686//589 1859//589
f 1859//589 686//589 1439//589
f 686//589 688//589 1439//589
f 1439//589 688//589 690//589
f 1439//589 690//589 691//589
f 1439//589 691//589 1437//589
f 1437//589 691//589 693//589
f 1437//589 693//589 695//589
f 695//589 697//589 1437//589
f 1437//589 697//589 1257//589
f 697//589 1948//589 1257//589
f 1257//589 1948//589 1949//589
f 1257//589 1949//589 1950//589
f 1950//589 1951//589 1257//589
f 1257//589 1951//589 1952//589
f 1257//589 1952//589 1953//589
f 1953//589 1954//589 1257//589
f 1257//589 1954//589 1256//589
f 1954//589 1955//589 1256//589
f 1256//589 1955//589 1956//589
f 1256//589 1956//589 1957//589
f 1957//589 1958//589 1256//589
f 1256//589 1958//589 1844//589
f 733//589 735//589 1237//589
f 1237//589 735//589 736//589
f 1237//589 736//589 738//589
f 738//589 740//589 1237//589
f 1237//589 740//589 742//589
f 1237//589 742//589 1239//589
f 1239//589 742//589 744//589
f 1239//589 744//589 746//589
f 746//589 748//589 1239//589
f 1239//589 748//589 749//589
f 1239//589 749//589 751//589
f 751//589 753//589 1239//589
f 1239//589 753//589 755//589
f 1239//589 755//589 1508//589
f 1508//589 755//589 1959//589
f 1508//589 1959//589 1960//589
f 1960//589 1961//589 1508//589
f 1508//589 1961//589 1510//589
f 1961//589 1962//589 1510//589
f 1510//589 1962//589 1963//589
f 1510//589 1963//589 1964//589
f 1510//589 1964//589 1857//589
f 1857//589 1964//589 1965//589
f 1857//589 1965//589 1878//589
f 1878//589 1965//589 1966//589
f 1878//589 1966//589 1879//589
f 1879//589 1966//589 1880//589
f 1966//589 1967//589 1880//589
f 1880//589 1967//589 1811//589
f 1967//589 1968//589 1811//589
f 1811//589 1968//589 1810//589
f 1968//589 1969//589 1810//589
f 1810//589 1969//589 1839//589
f 704//589 706//589 1804//589
f 1804//589 706//589 1805//589
f 706//589 707//589 1805//589
f 1805//589 707//589 1881//589
f 707//589 709//589 1881//589
f 1881//589 709//589 1882//589
f 709//589 711//589 1882//589
f 1882//589 711//589 1883//589
f 711//589 713//589 1883//589
f 1883//589 713//589 1794//589
f 713//589 715//589 1794//589
f 1794//589 715//589 1533//589
f 715//589 717//589 1533//589
f 1533//589 717//589 719//589
f 1533//589 719//589 1531//589
f 1531//589 719//589 720//589
f 1531//589 720//589 722//589
f 722//589 724//589 1531//589
f 1531//589 724//589 726//589
f 1531//589 726//589 1516//589
f 1516//589 726//589 1970//589
f 1516//589 1970//589 1971//589
f 1971//589 1972//589 1516//589
f 1516//589 1972//589 1973//589
f 1516//589 1973//589 1518//589
f 1518//589 1973//589 1974//589
f 1518//589 1974//589 1975//589
f 1518//589 1975//589 1861//589
f 1861//589 1975//589 1976//589
f 1861//589 1976//589 1931//589
f 1931//589 1976//589 1977//589
f 1931//589 1977//589 1933//589
f 1933//589 1977//589 1978//589
f 1933//589 1978//589 1935//589
f 1935//589 1978//589 1979//589
f 1935//589 1979//589 1833//589
f 1833//589 1979//589 1980//589
f 1833//589 1980//589 1832//589
f 1832//589 1980//589 1855//589
f 646//589 648//589 1826//589
f 1826//589 648//589 1827//589
f 648//589 649//589 1827//589
f 1827//589 649//589 1926//589
f 649//589 651//589 1926//589
f 1926//589 651//589 1928//589
f 651//589 653//589 1928//589
f 1928//589 653//589 1930//589
f 653//589 655//589 1930//589
f 1930//589 655//589 1816//589
f 655//589 657//589 1816//589
f 1816//589 657//589 1525//589
f 657//589 659//589 1525//589
f 1525//589 659//589 661//589
f 1525//589 661//589 1523//589
f 1523//589 661//589 662//589
f 1523//589 662//589 664//589
f 664//589 666//589 1523//589
f 1523//589 666//589 668//589
f 1523//589 668//589 1451//589
f 1451//589 668//589 1981//589
f 1451//589 1981//589 1982//589
f 1982//589 1983//589 1451//589
f 1451//589 1983//589 1984//589
f 1451//589 1984//589 1453//589
f 1453//589 1984//589 1985//589
f 1453//589 1985//589 1986//589
f 1453//589 1986//589 1547//589
f 1547//589 1986//589 1987//589
f 1547//589 1987//589 1918//589
f 1918//589 1987//589 1988//589
f 1918//589 1988//589 1919//589
f 1919//589 1988//589 1989//589
f 1919//589 1989//589 1920//589
f 1920//589 1989//589 1990//589
f 1920//589 1990//589 1921//589
f 1921//589 1990//589 1991//589
f 1921//589 1991//589 1851//589
f 1851//589 1991//589 1852//589
f 755//53 754//53 1959//590
f 1959//590 754//53 1992//170
f 1959//590 1992//170 1960//591
f 1960//591 1992//170 1993//169
f 1960//591 1993//169 1961//592
f 1961//592 1993//169 1994//168
f 1961//592 1994//168 1962//593
f 1962//593 1994//168 1963//231
f 1994//168 1995//167 1963//231
f 1963//231 1995//167 1964//594
f 1995//167 1996//166 1964//594
f 1964//594 1996//166 1965//595
f 1996//166 1997//165 1965//595
f 1965//595 1997//165 1966//596
f 1997//165 1998//164 1966//596
f 1966//596 1998//164 1967//597
f 1998//164 1999//163 1967//597
f 1967//597 1999//163 1968//236
f 1999//163 2000//162 1968//236
f 1968//236 2000//162 1969//598
f 1969//598 2000//162 1839//599
f 1839//599 2000//162 2001//161
f 1839//599 2001//161 1838//600
f 1838//600 2001//161 2002//160
f 1838//600 2002//160 1837//601
f 1837//601 2002//160 728//27
f 1837//601 728//27 727//27
f 728//245 2002//245 730//245
f 730//245 2002//245 732//245
f 2002//245 2001//245 732//245
f 732//245 2001//245 734//245
f 2001//245 2000//245 734//245
f 734//245 2000//245 737//245
f 2000//245 1999//245 737//245
f 737//245 1999//245 739//245
f 1999//245 1998//245 739//245
f 739//245 1998//245 741//245
f 1998//245 1997//245 741//245
f 741//245 1997//245 743//245
f 1997//245 1996//245 743//245
f 743//245 1996//245 745//245
f 1996//245 1995//245 745//245
f 745//245 1995//245 747//245
f 1995//245 1994//245 747//245
f 747//245 1994//245 750//245
f 1994//245 1993//245 750//245
f 750//245 1993//245 752//245
f 1993//245 1992//245 752//245
f 752//245 1992//245 754//245
f 726//53 725//53 1970//590
f 1970//590 725//53 2003//170
f 1970//590 2003//170 1971//591
f 1971//591 2003//170 2004//169
f 1971//591 2004//169 1972//592
f 1972//592 2004//169 2005//168
f 1972//592 2005//168 1973//593
f 1973//593 2005//168 1974//231
f 2005//168 2006//167 1974//231
f 1974//231 2006//167 1975//594
f 2006//167 2007//166 1975//594
f 1975//594 2007//166 1976//595
f 2007//166 2008//165 1976//595
f 1976//595 2008//165 1977//596
f 2008//165 2009//164 1977//596
f 1977//596 2009//164 1978//597
f 2009//164 2010//163 1978//597
f 1978//597 2010//163 1979//236
f 2010//163 2011//162 1979//236
f 1979//236 2011//162 1980//598
f 1980//598 2011//162 1855//599
f 1855//599 2011//162 2012//161
f 1855//599 2012//161 1854//600
f 1854//600 2012//161 2013//160
f 1854//600 2013//160 1853//601
f 1853//601 2013//160 699//27
f 1853//601 699//27 698//27
f 699//245 2013//245 701//245
f 701//245 2013//245 703//245
f 2013//245 2012//245 703//245
f 703//245 2012//245 705//245
f 2012//245 2011//245 705//245
f 705//245 2011//245 708//245
f 2011//245 2010//245 708//245
f 708//245 2010//245 710//245
f 2010//245 2009//245 710//245
f 710//245 2009//245 712//245
f 2009//245 2008//245 712//245
f 712//245 2008//245 714//245
f 2008//245 2007//245 714//245
f 714//245 2007//245 716//245
f 2007//245 2006//245 716//245
f 716//245 2006//245 718//245
f 2006//245 2005//245 718//245
f 718//245 2005//245 721//245
f 2005//245 2004//245 721//245
f 721//245 2004//245 723//245
f 2004//245 2003//245 723//245
f 723//245 2003//245 725//245
f 697//53 696//53 1948//590
f 1948//590 696//53 2014//170
f 1948//590 2014//170 1949//591
f 1949//591 2014//170 2015//169
f 1949//591 2015//169 1950//592
f 1950//592 2015//169 2016//168
f 1950//592 2016//168 1951//593
f 1951//593 2016//168 1952//231
f 2016//168 2017//167 1952//231
f 1952//231 2017//167 1953//594
f 2017//167 2018//166 1953//594
f 1953//594 2018//166 1954//595
f 2018//166 2019//165 1954//595
f 1954//595 2019//165 1955//596
f 2019//165 2020//164 1955//596
f 1955//596 2020//164 1956//597
f 2020//164 2021//163 1956//597
f 1956//597 2021//163 1957//236
f 2021//163 2022//162 1957//236
f 1957//236 2022//162 1958//598
f 1958//598 2022//162 1844//599
f 1844//599 2022//162 2023//161
f 1844//599 2023//161 1845//600
f 1845//600 2023//161 2024//160
f 1845//600 2024//160 1846//601
f 1846//601 2024//160 670//27
f 1846//601 670//27 669//27
f 670//245 2024//245 672//245
f 672//245 2024//245 674//245
f 2024//245 2023//245 674//245
f 674//245 2023//245 676//245
f 2023//245 2022//245 676//245
f 676//245 2022//245 679//245
f 2022//245 2021//245 679//245
f 679//245 2021//245 681//245
f 2021//245 2020//245 681//245
f 681//245 2020//245 683//245
f 2020//245 2019//245 683//245
f 683//245 2019//245 685//245
f 2019//245 2018//245 685//245
f 685//245 2018//245 687//245
f 2018//245 2017//245 687//245
f 687//245 2017//245 689//245
f 2017//245 2016//245 689//245
f 689//245 2016//245 692//245
f 2016//245 2015//245 692//245
f 692//245 2015//245 694//245
f 2015//245 2014//245 694//245
f 694//245 2014//245 696//245
f 668//53 667//53 1981//590
f 1981//590 667//53 2025//170
f 1981//590 2025//170 1982//591
f 1982//591 2025//170 2026//169
f 1982//591 2026//169 1983//592
f 1983//592 2026//169 2027//168
f 1983//592 2027//168 1984//593
f 1984//593 2027//168 1985//231
f 2027//168 2028//167 1985//231
f 1985//231 2028//167 1986//594
f 2028//167 2029//166 1986//594
f 1986//594 2029//166 1987//595
f 2029//166 2030//165 1987//595
f 1987//595 2030//165 1988//596
f 2030//165 2031//164 1988//596
f 1988//596 2031//164 1989//597
f 2031//164 2032//163 1989//597
f 1989//597 2032//163 1990//236
f 2032//163 2033//162 1990//236
f 1990//236 2033//162 1991//598
f 1991//598 2033//162 1852//599
f 1852//599 2033//162 2034//161
f 1852//599 2034//161 1840//600
f 1840//600 2034//161 2035//160
f 1840//600 2035//160 1841//601
f 1841//601 2035//160 641//27
f 1841//601 641//27 640//27
f 641//245 2035//245 643//245
f 643//245 2035//245 645//245
f 2035//245 2034//245 645//245
f 645//245 2034//245 647//245
f 2034//245 2033//245 647//245
f 647//245 2033//245 650//245
f 2033//245 2032//245 650//245
f 650//245 2032//245 652//245
f 2032//245 2031//245 652//245
f 652//245 2031//245 654//245
f 2031//245 2030//245 654//245
f 654//245 2030//245 656//245
f 2030//245 2029//245 656//245
f 656//245 2029//245 658//245
f 2029//245 2028//245 658//245
f 658//245 2028//245 660//245
f 2028//245 2027//245 660//245
f 660//245 2027//245 663//245
f 2027//245 2026//245 663//245
f 663//245 2026//245 665//245
f 2026//245 2025//245 665//245
f 665//245 2025//245 667//245
f 1089//245 1525//245 1090//245
f 1090//245 1525//245 1825//245
f 1687//245 1684//245 1524//245
f 1524//245 1684//245 1517//245
f 1524//245 1517//245 1525//245
f 1525//245 1517//245 1518//245
f 1525//245 1518//245 1821//245
f 1821//245 1518//245 1829//245
f 1085//245 1084//245 1524//245
f 1524//245 1084//245 1688//245
f 1524//245 1688//245 1687//245
f 1684//245 1685//245 1517//245
f 1517//245 1685//245 1686//245
f 1517//245 1686//245 1078//245
f 1078//245 1077//245 1517//245
f 1072//245 1073//245 1518//245
f 1518//245 1073//245 1831//245
f 1518//245 1831//245 1829//245
f 1821//245 1823//245 1525//245
f 1525//245 1823//245 1825//245
f 1065//245 1533//245 1066//245
f 1066//245 1533//245 1803//245
f 1668//245 1665//245 1532//245
f 1532//245 1665//245 1509//245
f 1532//245 1509//245 1533//245
f 1533//245 1509//245 1510//245
f 1533//245 1510//245 1799//245
f 1799//245 1510//245 1807//245
f 1061//245 1060//245 1532//245
f 1532//245 1060//245 1669//245
f 1532//245 1669//245 1668//245
f 1665//245 1666//245 1509//245
f 1509//245 1666//245 1667//245
f 1509//245 1667//245 1054//245
f 1054//245 1053//245 1509//245
f 1048//245 1049//245 1510//245
f 1510//245 1049//245 1809//245
f 1510//245 1809//245 1807//245
f 1799//245 1801//245 1533//245
f 1533//245 1801//245 1803//245
usemtl 10_01_17_00566_color_3
f 1513//245 1534//245 1514//245
f 1514//245 1534//245 1529//245
f 1448//245 1526//245 1449//245
f 1449//245 1526//245 1521//245
f 1417//245 1901//245 1419//245
f 1419//245 1901//245 1421//245
f 1901//245 1904//245 1421//245
f 1421//245 1904//245 1423//245
f 1904//245 1906//245 1423//245
f 1423//245 1906//245 1433//245
f 1906//245 1907//245 1433//245
f 1433//245 1907//245 1910//245
f 1433//245 1910//245 1912//245
f 1912//245 1435//245 1433//245
f 1431//245 1429//245 1895//245
f 1895//245 1429//245 1427//245
f 1895//245 1427//245 1893//245
f 1893//245 1427//245 1425//245
f 1893//245 1425//245 1890//245
f 1890//245 1425//245 1455//245
f 1890//245 1455//245 1889//245
f 1889//245 1455//245 1887//245
f 1454//245 1885//245 1455//245
f 1455//245 1885//245 1887//245
f 1445//245 1444//245 1626//245
f 1626//245 1444//245 1624//245
f 1469//245 1615//245 1471//245
f 1471//245 1615//245 1618//245
f 1471//245 1618//245 1473//245
f 1473//245 1618//245 1620//245
f 1473//245 1620//245 1444//245
f 1444//245 1620//245 1621//245
f 1444//245 1621//245 1624//245
f 1469//245 1467//245 1615//245
f 1465//245 1463//245 1612//245
f 1612//245 1463//245 1461//245
f 1612//245 1461//245 1610//245
f 1610//245 1461//245 1459//245
f 1610//245 1459//245 1607//245
f 1607//245 1459//245 1443//245
f 1607//245 1443//245 1606//245
f 1606//245 1443//245 1604//245
f 1441//245 1602//245 1443//245
f 1443//245 1602//245 1604//245
usemtl 10_01_17_00566_color_1
f 639//165 613//165 913//602
f 913//602 613//165 2036//602
f 913//602 2036//602 2037//603
f 913//602 2037//603 883//603
f 883//603 2037//603 2038//604
f 883//603 2038//604 884//604
f 884//604 2038//604 895//605
f 2038//604 2039//605 895//605
f 895//605 2039//605 2040//606
f 895//605 2040//606 894//606
f 894//606 2040//606 2041//245
f 894//606 2041//245 893//245
f 893//245 2041//245 892//607
f 2041//245 2042//607 892//607
f 892//607 2042//607 2043//608
f 892//607 2043//608 891//608
f 891//608 2043//608 2044//609
f 891//608 2044//609 915//609
f 915//609 2044//609 2045//610
f 915//609 2045//610 916//610
f 916//610 2045//610 918//611
f 2045//610 2046//611 918//611
f 918//611 2046//611 626//192
f 918//611 626//192 627//192
f 626//190 2046//612 615//613
f 2046//612 2045//614 615//190
f 615//190 2045//614 2044//615
f 2044//615 2043//616 615//617
f 2043//616 2042//618 615//619
f 2042//618 2041//620 615//621
f 2041//620 2040//622 615//623
f 2040//622 2039//624 615//625
f 2039//624 2038//626 615//627
f 615//627 2038//626 2037//628
f 2037//628 2036//629 615//630
f 615//630 2036//629 613//171
f 612//165 586//165 912//602
f 912//602 586//165 2047//602
f 912//602 2047//602 2048//603
f 912//602 2048//603 917//603
f 917//603 2048//603 2049//604
f 917//603 2049//604 914//604
f 914//604 2049//604 890//605
f 2049//604 2050//605 890//605
f 890//605 2050//605 2051//606
f 890//605 2051//606 889//606
f 889//606 2051//606 2052//245
f 889//606 2052//245 888//245
f 888//245 2052//245 887//607
f 2052//245 2053//607 887//607
f 887//607 2053//607 2054//608
f 887//607 2054//608 886//608
f 886//608 2054//608 2055//609
f 886//608 2055//609 875//609
f 875//609 2055//609 2056//610
f 875//609 2056//610 876//610
f 876//610 2056//610 919//611
f 2056//610 2057//611 919//611
f 919//611 2057//611 599//192
f 919//611 599//192 600//192
f 599//190 2057//612 588//613
f 2057//612 2056//614 588//190
f 588//190 2056//614 2055//615
f 2055//615 2054//616 588//617
f 2054//616 2053//618 588//619
f 2053//618 2052//620 588//621
f 2052//620 2051//622 588//623
f 2051//622 2050//624 588//625
f 2050//624 2049//626 588//627
f 588//627 2049//626 2048//628
f 2048//628 2047//629 588//630
f 588//630 2047//629 586//171
usemtl 10_01_17_00566_color_3
f 973//208 970//208 1034//208
f 1034//208 970//208 1032//208
f 1031//162 1029//162 972//162
f 972//162 1029//162 969//162
f 962//208 964//208 984//208
f 984//208 964//208 982//208
f 981//162 979//162 977//162
f 977//162 979//162 975//162
f 992//53 993//53 983//53
f 983//53 993//53 985//53
f 989//53 987//53 980//53
f 980//53 987//53 978//53
f 1042//53 1043//53 1033//53
f 1033//53 1043//53 1035//53
f 1039//53 1037//53 1030//53
f 1030//53 1037//53 1028//53
f 971//208 968//208 2058//208
f 2058//208 968//208 994//208
f 2059//162 995//162 963//162
f 963//162 995//162 965//162
f 1001//53 2060//53 996//53
f 996//53 2060//53 2061//53
f 2062//53 1000//53 2063//53
f 2063//53 1000//53 997//53
f 1030//41 1031//41 1039//41
f 1039//41 1031//41 972//41
f 1039//41 972//41 971//41
f 1039//41 971//41 2060//41
f 2060//41 971//41 2058//41
f 2060//41 2058//41 2061//41
f 416//41 417//41 2064//41
f 2064//41 417//41 418//41
f 2064//41 418//41 2060//41
f 2060//41 418//41 419//41
f 2060//41 419//41 1039//41
f 1039//41 419//41 1038//41
f 2065//41 2066//41 2067//41
f 2067//41 2066//41 2068//41
f 2067//41 2068//41 2064//41
f 2064//41 2068//41 2069//41
f 2064//41 2069//41 2070//41
f 962//41 993//41 2062//41
f 2062//41 993//41 473//41
f 2062//41 473//41 2067//41
f 2067//41 473//41 474//41
f 2067//41 474//41 475//41
f 2063//41 2059//41 2062//41
f 2062//41 2059//41 963//41
f 2062//41 963//41 962//41
f 962//41 984//41 993//41
f 993//41 984//41 985//41
f 473//41 993//41 472//41
f 472//41 993//41 991//41
f 472//41 991//41 471//41
f 471//41 991//41 470//41
f 2071//41 2072//41 988//41
f 988//41 2072//41 2073//41
f 988//41 2073//41 991//41
f 991//41 2073//41 2074//41
f 991//41 2074//41 2075//41
f 981//41 977//41 989//41
f 989//41 977//41 976//41
f 989//41 976//41 988//41
f 988//41 976//41 527//41
f 988//41 527//41 528//41
f 989//41 980//41 981//41
f 527//41 976//41 526//41
f 526//41 976//41 2076//41
f 526//41 2076//41 525//41
f 525//41 2076//41 2077//41
f 525//41 2077//41 921//41
f 499//41 500//41 939//41
f 939//41 500//41 523//41
f 939//41 523//41 921//41
f 921//41 523//41 524//41
f 921//41 524//41 525//41
f 499//41 939//41 498//41
f 498//41 939//41 2078//41
f 498//41 2078//41 2079//41
f 498//41 2079//41 497//41
f 497//41 2079//41 879//41
f 497//41 879//41 496//41
f 496//41 879//41 495//41
f 385//41 2080//41 874//41
f 874//41 2080//41 438//41
f 874//41 438//41 879//41
f 879//41 438//41 439//41
f 879//41 439//41 2081//41
f 2081//41 439//41 440//41
f 2081//41 440//41 2082//41
f 2082//41 440//41 441//41
f 2082//41 441//41 2083//41
f 2083//41 441//41 442//41
f 2083//41 442//41 2084//41
f 2084//41 442//41 443//41
f 2084//41 443//41 2085//41
f 2085//41 443//41 444//41
f 2085//41 444//41 2086//41
f 2086//41 444//41 445//41
f 2086//41 445//41 2087//41
f 2087//41 445//41 446//41
f 2087//41 446//41 2088//41
f 2088//41 446//41 991//41
f 2088//41 991//41 2089//41
f 2089//41 991//41 2090//41
f 2091//41 2092//41 2093//41
f 2093//41 2092//41 2094//41
f 2093//41 2094//41 874//41
f 874//41 2094//41 2095//41
f 874//41 2095//41 2096//41
f 2091//41 1010//41 2092//41
f 2092//41 1010//41 2097//41
f 2097//41 1010//41 2098//41
f 2098//41 1010//41 1005//41
f 2098//41 1005//41 2099//41
f 2099//41 1005//41 1041//41
f 2099//41 1041//41 2100//41
f 2100//41 1041//41 2101//41
f 1005//41 2102//41 1041//41
f 1041//41 2102//41 2103//41
f 1041//41 2103//41 974//41
f 1041//41 974//41 1043//41
f 1043//41 974//41 973//41
f 1043//41 973//41 1034//41
f 1034//41 1035//41 1043//41
f 2104//41 2105//41 1038//41
f 1038//41 2105//41 2106//41
f 1038//41 2106//41 1041//41
f 1041//41 2106//41 2107//41
f 1041//41 2107//41 2108//41
f 2109//41 384//41 874//41
f 874//41 384//41 385//41
f 385//41 386//41 2080//41
f 2080//41 386//41 2110//41
f 386//41 387//41 2110//41
f 2110//41 387//41 2111//41
f 387//41 388//41 2111//41
f 2111//41 388//41 2112//41
f 388//41 389//41 2112//41
f 2112//41 389//41 2113//41
f 389//41 390//41 2113//41
f 2113//41 390//41 2114//41
f 390//41 391//41 2114//41
f 2114//41 391//41 2115//41
f 391//41 392//41 2115//41
f 2115//41 392//41 2116//41
f 2098//41 2099//41 2117//41
f 2117//41 2099//41 2118//41
f 2117//41 2118//41 2119//41
f 2119//41 2118//41 2120//41
f 2119//41 2120//41 2121//41
f 2121//41 2120//41 2122//41
f 2121//41 2122//41 396//41
f 396//41 2122//41 411//41
f 396//41 411//41 395//41
f 395//41 411//41 412//41
f 395//41 412//41 394//41
f 394//41 412//41 413//41
f 394//41 413//41 393//41
f 393//41 413//41 414//41
f 393//41 414//41 392//41
f 392//41 414//41 415//41
f 392//41 415//41 2064//41
f 2064//41 415//41 416//41
f 2096//41 2123//41 874//41
f 874//41 2123//41 2109//41
f 419//41 420//41 1038//41
f 1038//41 420//41 421//41
f 1038//41 421//41 422//41
f 422//41 423//41 1038//41
f 1038//41 423//41 2104//41
f 2108//41 2101//41 1041//41
f 392//41 2064//41 2116//41
f 2116//41 2064//41 2124//41
f 2116//41 2124//41 2125//41
f 2125//41 2124//41 2126//41
f 2125//41 2126//41 2127//41
f 2127//41 2126//41 2128//41
f 2127//41 2128//41 2129//41
f 2129//41 2128//41 2130//41
f 2129//41 2130//41 450//41
f 450//41 2130//41 465//41
f 450//41 465//41 449//41
f 449//41 465//41 466//41
f 449//41 466//41 448//41
f 448//41 466//41 467//41
f 448//41 467//41 447//41
f 447//41 467//41 468//41
f 447//41 468//41 446//41
f 446//41 468//41 469//41
f 446//41 469//41 991//41
f 991//41 469//41 470//41
f 475//41 476//41 2067//41
f 2067//41 476//41 477//41
f 2067//41 477//41 2065//41
f 2070//41 2131//41 2064//41
f 2064//41 2131//41 2132//41
f 2064//41 2132//41 2124//41
f 2081//41 492//41 879//41
f 879//41 492//41 493//41
f 879//41 493//41 494//41
f 494//41 495//41 879//41
f 523//41 500//41 522//41
f 522//41 500//41 501//41
f 522//41 501//41 521//41
f 521//41 501//41 502//41
f 521//41 502//41 520//41
f 520//41 502//41 503//41
f 520//41 503//41 519//41
f 519//41 503//41 504//41
f 519//41 504//41 2133//41
f 2133//41 504//41 2134//41
f 2133//41 2134//41 2135//41
f 2135//41 2134//41 2136//41
f 2135//41 2136//41 2137//41
f 2137//41 2136//41 2138//41
f 2137//41 2138//41 2089//41
f 2089//41 2138//41 2088//41
f 528//41 529//41 988//41
f 988//41 529//41 530//41
f 988//41 530//41 531//41
f 531//41 2071//41 988//41
f 2075//41 2139//41 991//41
f 991//41 2139//41 2090//41
f 1005//260 1002//260 2102//261
f 2102//261 1002//260 1210//261
f 2102//261 1210//261 2103//262
f 2103//262 1210//261 1208//262
f 2103//262 1208//262 974//263
f 974//263 1208//262 967//263
f 874//264 872//264 2093//265
f 2093//265 872//264 1215//265
f 2093//265 1215//265 2091//266
f 2091//266 1215//265 1213//266
f 2091//266 1213//266 1010//267
f 1010//267 1213//266 1003//267
f 938//268 2140//631 939//268
f 939//268 2140//631 2141//632
f 939//268 2141//632 2078//269
f 2078//269 2141//632 2142//633
f 2078//269 2142//633 2143//634
f 2143//634 2144//635 2078//269
f 2078//269 2144//635 2145//636
f 2078//269 2145//636 2079//270
f 2079//270 2145//636 1219//270
f 2079//270 1219//270 879//271
f 879//271 1219//270 873//271
f 2145//636 57//637 1219//270
f 1219//270 57//637 1207//269
f 57//637 59//636 1207//269
f 1207//269 59//636 61//635
f 1207//269 61//635 63//634
f 63//634 64//633 1207//269
f 1207//269 64//633 66//632
f 1207//269 66//632 67//631
f 69//268 935//268 67//631
f 67//631 935//268 1207//269
f 102//259 104//638 925//259
f 925//259 104//638 1204//258
f 104//638 106//639 1204//258
f 1204//258 106//639 107//640
f 1204//258 107//640 109//641
f 109//641 110//642 1204//258
f 1204//258 110//642 112//643
f 1204//258 112//643 114//247
f 1204//258 114//247 1202//257
f 1202//257 114//247 2146//643
f 1202//257 2146//643 2076//257
f 2076//257 2146//643 2147//642
f 2076//257 2147//642 2077//258
f 2077//258 2147//642 2148//641
f 2077//258 2148//641 2149//640
f 2149//640 2150//639 2077//258
f 2077//258 2150//639 2151//638
f 2077//258 2151//638 921//259
f 921//259 2151//638 920//259
f 976//256 966//256 2076//257
f 2076//257 966//256 1202//257
f 1001//192 998//192 2060//192
f 2060//192 998//192 2064//192
f 998//27 999//27 2064//27
f 2064//27 999//27 2067//27
f 999//165 1000//165 2067//165
f 2067//165 1000//165 2062//165
f 994//192 996//192 2058//192
f 2058//192 996//192 2061//192
f 997//165 995//165 2063//165
f 2063//165 995//165 2059//165
f 987//41 986//41 978//41
f 978//41 986//41 990//41
f 978//41 990//41 983//41
f 983//41 990//41 992//41
f 978//41 983//41 979//41
f 979//41 983//41 982//41
f 979//41 982//41 975//41
f 975//41 982//41 964//41
usemtl 10_01_17_00566_color_1
f 585//165 559//165 909//602
f 909//602 559//165 2152//602
f 909//602 2152//602 2153//603
f 909//602 2153//603 910//603
f 910//603 2153//603 2154//604
f 910//603 2154//604 911//604
f 911//604 2154//604 877//605
f 2154//604 2155//605 877//605
f 877//605 2155//605 2156//606
f 877//605 2156//606 878//606
f 878//606 2156//606 2157//245
f 878//606 2157//245 880//245
f 880//245 2157//245 905//607
f 2157//245 2158//607 905//607
f 905//607 2158//607 2159//608
f 905//607 2159//608 903//608
f 903//608 2159//608 2160//609
f 903//608 2160//609 901//609
f 901//609 2160//609 2161//610
f 901//609 2161//610 899//610
f 899//610 2161//610 897//611
f 2161//610 2162//611 897//611
f 897//611 2162//611 572//192
f 897//611 572//192 573//192
f 572//190 2162//612 561//613
f 2162//612 2161//614 561//190
f 561//190 2161//614 2160//615
f 2160//615 2159//616 561//617
f 2159//616 2158//618 561//619
f 2158//618 2157//620 561//621
f 2157//620 2156//622 561//623
f 2156//622 2155//624 561//625
f 2155//624 2154//626 561//627
f 561//627 2154//626 2153//628
f 2153//628 2152//629 561//630
f 561//630 2152//629 559//171
f 558//165 532//165 896//602
f 896//602 532//165 2163//602
f 896//602 2163//602 2164//603
f 896//602 2164//603 898//603
f 898//603 2164//603 2165//604
f 898//603 2165//604 900//604
f 900//604 2165//604 902//605
f 2165//604 2166//605 902//605
f 902//605 2166//605 2167//606
f 902//605 2167//606 904//606
f 904//606 2167//606 2168//245
f 904//606 2168//245 881//245
f 881//245 2168//245 882//607
f 2168//245 2169//607 882//607
f 882//607 2169//607 2170//608
f 882//607 2170//608 906//608
f 906//608 2170//608 2171//609
f 906//608 2171//609 907//609
f 907//609 2171//609 2172//610
f 907//609 2172//610 908//610
f 908//610 2172//610 885//611
f 2172//610 2173//611 885//611
f 885//611 2173//611 545//192
f 885//611 545//192 546//192
f 545//190 2173//612 534//613
f 2173//612 2172//614 534//190
f 534//190 2172//614 2171//615
f 2171//615 2170//616 534//617
f 2170//616 2169//618 534//619
f 2169//618 2168//620 534//621
f 2168//620 2167//622 534//623
f 2167//622 2166//624 534//625
f 2166//624 2165//626 534//627
f 534//627 2165//626 2164//628
f 2164//628 2163//629 534//630
f 534//630 2163//629 532//171
f 531//53 505//53 2071//225
f 2071//225 505//53 2174//225
f 2071//225 2174//225 2175//223
f 2071//225 2175//223 2072//223
f 2072//223 2175//223 2176//220
f 2072//223 2176//220 2073//220
f 2073//220 2176//220 2074//218
f 2176//220 2177//218 2074//218
f 2074//218 2177//218 2178//216
f 2074//218 2178//216 2075//216
f 2075//216 2178//216 2179//192
f 2075//216 2179//192 2139//192
f 2139//192 2179//192 2090//213
f 2179//192 2180//213 2090//213
f 2090//213 2180//213 2181//211
f 2090//213 2181//211 2089//211
f 2089//211 2181//211 2182//208
f 2089//211 2182//208 2137//208
f 2137//208 2182//208 2183//206
f 2137//208 2183//206 2135//206
f 2135//206 2183//206 2133//204
f 2183//206 2184//204 2133//204
f 2133//204 2184//204 518//27
f 2133//204 518//27 519//27
f 518//158 2184//644 507//645
f 2184//644 2183//646 507//158
f 507//158 2183//646 2182//647
f 2182//647 2181//648 507//649
f 2181//648 2180//650 507//651
f 2180//650 2179//652 507//653
f 2179//652 2178//654 507//655
f 2178//654 2177//656 507//657
f 2177//656 2176//658 507//659
f 507//659 2176//658 2175//660
f 2175//660 2174//661 507//662
f 507//662 2174//661 505//139
f 504//53 478//53 2134//225
f 2134//225 478//53 2185//225
f 2134//225 2185//225 2186//223
f 2134//225 2186//223 2136//223
f 2136//223 2186//223 2187//220
f 2136//223 2187//220 2138//220
f 2138//220 2187//220 2088//218
f 2187//220 2188//218 2088//218
f 2088//218 2188//218 2189//216
f 2088//218 2189//216 2087//216
f 2087//216 2189//216 2190//192
f 2087//216 2190//192 2086//192
f 2086//192 2190//192 2085//213
f 2190//192 2191//213 2085//213
f 2085//213 2191//213 2192//211
f 2085//213 2192//211 2084//211
f 2084//211 2192//211 2193//208
f 2084//211 2193//208 2083//208
f 2083//208 2193//208 2194//206
f 2083//208 2194//206 2082//206
f 2082//206 2194//206 2081//204
f 2194//206 2195//204 2081//204
f 2081//204 2195//204 491//27
f 2081//204 491//27 492//27
f 491//158 2195//644 480//645
f 2195//644 2194//646 480//158
f 480//158 2194//646 2193//647
f 2193//647 2192//648 480//649
f 2192//648 2191//650 480//651
f 2191//650 2190//652 480//653
f 2190//652 2189//654 480//655
f 2189//654 2188//656 480//657
f 2188//656 2187//658 480//659
f 480//659 2187//658 2186//660
f 2186//660 2185//661 480//662
f 480//662 2185//661 478//139
f 477//53 451//53 2065//225
f 2065//225 451//53 2196//225
f 2065//225 2196//225 2197//223
f 2065//225 2197//223 2066//223
f 2066//223 2197//223 2198//220
f 2066//223 2198//220 2068//220
f 2068//220 2198//220 2069//218
f 2198//220 2199//218 2069//218
f 2069//218 2199//218 2200//216
f 2069//218 2200//216 2070//216
f 2070//216 2200//216 2201//192
f 2070//216 2201//192 2131//192
f 2131//192 2201//192 2132//213
f 2201//192 2202//213 2132//213
f 2132//213 2202//213 2203//211
f 2132//213 2203//211 2124//211
f 2124//211 2203//211 2204//208
f 2124//211 2204//208 2126//208
f 2126//208 2204//208 2205//206
f 2126//208 2205//206 2128//206
f 2128//206 2205//206 2130//204
f 2205//206 2206//204 2130//204
f 2130//204 2206//204 464//27
f 2130//204 464//27 465//27
f 464//158 2206//644 453//645
f 2206//644 2205//646 453//158
f 453//158 2205//646 2204//647
f 2204//647 2203//648 453//649
f 2203//648 2202//650 453//651
f 2202//650 2201//652 453//653
f 2201//652 2200//654 453//655
f 2200//654 2199//656 453//657
f 2199//656 2198//658 453//659
f 453//659 2198//658 2197//660
f 2197//660 2196//661 453//662
f 453//662 2196//661 451//139
f 450//53 424//53 2129//225
f 2129//225 424//53 2207//225
f 2129//225 2207//225 2208//223
f 2129//225 2208//223 2127//223
f 2127//223 2208//223 2209//220
f 2127//223 2209//220 2125//220
f 2125//220 2209//220 2116//218
f 2209//220 2210//218 2116//218
f 2116//218 2210//218 2211//216
f 2116//218 2211//216 2115//216
f 2115//216 2211//216 2212//192
f 2115//216 2212//192 2114//192
f 2114//192 2212//192 2113//213
f 2212//192 2213//213 2113//213
f 2113//213 2213//213 2214//211
f 2113//213 2214//211 2112//211
f 2112//211 2214//211 2215//208
f 2112//211 2215//208 2111//208
f 2111//208 2215//208 2216//206
f 2111//208 2216//206 2110//206
f 2110//206 2216//206 2080//204
f 2216//206 2217//204 2080//204
f 2080//204 2217//204 437//27
f 2080//204 437//27 438//27
f 437//158 2217//644 426//645
f 2217//644 2216//646 426//158
f 426//158 2216//646 2215//647
f 2215//647 2214//648 426//649
f 2214//648 2213//650 426//651
f 2213//650 2212//652 426//653
f 2212//652 2211//654 426//655
f 2211//654 2210//656 426//657
f 2210//656 2209//658 426//659
f 426//659 2209//658 2208//660
f 2208//660 2207//661 426//662
f 426//662 2207//661 424//139
f 423//53 397//53 2104//225
f 2104//225 397//53 2218//225
f 2104//225 2218//225 2219//223
f 2104//225 2219//223 2105//223
f 2105//223 2219//223 2220//220
f 2105//223 2220//220 2106//220
f 2106//220 2220//220 2107//218
f 2220//220 2221//218 2107//218
f 2107//218 2221//218 2222//216
f 2107//218 2222//216 2108//216
f 2108//216 2222//216 2223//192
f 2108//216 2223//192 2101//192
f 2101//192 2223//192 2100//213
f 2223//192 2224//213 2100//213
f 2100//213 2224//213 2225//211
f 2100//213 2225//211 2099//211
f 2099//211 2225//211 2226//208
f 2099//211 2226//208 2118//208
f 2118//208 2226//208 2227//206
f 2118//208 2227//206 2120//206
f 2120//206 2227//206 2122//204
f 2227//206 2228//204 2122//204
f 2122//204 2228//204 410//27
f 2122//204 410//27 411//27
f 410//158 2228//644 399//645
f 2228//644 2227//646 399//158
f 399//158 2227//646 2226//647
f 2226//647 2225//648 399//649
f 2225//648 2224//650 399//651
f 2224//650 2223//652 399//653
f 2223//652 2222//654 399//655
f 2222//654 2221//656 399//657
f 2221//656 2220//658 399//659
f 399//659 2220//658 2219//660
f 2219//660 2218//661 399//662
f 399//662 2218//661 397//139
f 396//53 370//53 2121//225
f 2121//225 370//53 2229//225
f 2121//225 2229//225 2230//223
f 2121//225 2230//223 2119//223
f 2119//223 2230//223 2231//220
f 2119//223 2231//220 2117//220
f 2117//220 2231//220 2098//218
f 2231//220 2232//218 2098//218
f 2098//218 2232//218 2233//216
f 2098//218 2233//216 2097//216
f 2097//216 2233//216 2234//192
f 2097//216 2234//192 2092//192
f 2092//192 2234//192 2094//213
f 2234//192 2235//213 2094//213
f 2094//213 2235//213 2236//211
f 2094//213 2236//211 2095//211
f 2095//211 2236//211 2237//208
f 2095//211 2237//208 2096//208
f 2096//208 2237//208 2238//206
f 2096//208 2238//206 2123//206
f 2123//206 2238//206 2109//204
f 2238//206 2239//204 2109//204
f 2109//204 2239//204 383//27
f 2109//204 383//27 384//27
f 383//158 2239//644 372//645
f 2239//644 2238//646 372//158
f 372//158 2238//646 2237//647
f 2237//647 2236//648 372//649
f 2236//648 2235//650 372//651
f 2235//650 2234//652 372//653
f 2234//652 2233//654 372//655
f 2233//654 2232//656 372//657
f 2232//656 2231//658 372//659
f 372//659 2231//658 2230//660
f 2230//660 2229//661 372//662
f 372//662 2229//661 370//139
f 368//27 369//27 1023//663
f 1023//663 369//27 2240//663
f 1023//663 2240//663 2241//664
f 1023//663 2241//664 1024//664
f 1024//664 2241//664 2242//665
f 1024//664 2242//665 1025//665
f 1025//665 2242//665 1008//589
f 2242//665 2243//589 1008//589
f 1008//589 2243//589 2244//666
f 1008//589 2244//666 1009//666
f 1009//666 2244//666 2245//245
f 1009//666 2245//245 1011//245
f 1011//245 2245//245 1012//667
f 2245//245 2246//667 1012//667
f 1012//667 2246//667 2247//534
f 1012//667 2247//534 1013//534
f 1013//534 2247//534 2248//668
f 1013//534 2248//668 1026//668
f 1026//668 2248//668 2249//669
f 1026//668 2249//669 1027//669
f 1027//669 2249//669 1022//670
f 2249//669 2250//670 1022//670
f 1022//670 2250//670 344//53
f 1022//670 344//53 346//53
f 2245//165 2251//165 2246//165
f 2246//165 2251//165 2252//165
f 2246//165 2252//165 2247//165
f 2247//165 2252//165 2253//165
f 2247//165 2253//165 2248//165
f 2248//165 2253//165 2254//165
f 2248//165 2254//165 2249//165
f 2249//165 2254//165 2255//165
f 2249//165 2255//165 2250//165
f 2250//165 2255//165 2256//165
f 2250//165 2256//165 344//165
f 344//165 2256//165 199//165
f 344//165 199//165 345//165
f 345//165 199//165 200//165
f 345//165 200//165 201//165
f 2245//165 2244//165 2251//165
f 2251//165 2244//165 2257//165
f 2244//165 2243//165 2257//165
f 2257//165 2243//165 2258//165
f 2243//165 2242//165 2258//165
f 2258//165 2242//165 2259//165
f 2242//165 2241//165 2259//165
f 2259//165 2241//165 2260//165
f 2241//165 2240//165 2260//165
f 2260//165 2240//165 2261//165
f 2240//165 369//165 2261//165
f 2261//165 369//165 257//165
f 257//165 369//165 255//165
f 255//165 369//165 366//165
f 255//165 366//165 253//165
f 253//165 366//165 364//165
f 253//165 364//165 234//165
f 234//165 364//165 363//165
f 234//165 363//165 235//165
f 235//165 363//165 360//165
f 235//165 360//165 260//165
f 260//165 360//165 358//165
f 260//165 358//165 266//165
f 266//165 358//165 357//165
f 266//165 357//165 354//165
f 266//165 354//165 272//165
f 272//165 354//165 352//165
f 272//165 352//165 206//165
f 206//165 352//165 350//165
f 206//165 350//165 204//165
f 204//165 350//165 349//165
f 204//165 349//165 201//165
f 201//165 349//165 345//165
f 197//137 2262//671 343//672
f 2262//671 2263//673 343//137
f 343//137 2263//673 2264//674
f 2264//674 2265//675 343//676
f 2265//675 2266//677 343//678
f 2266//677 2267//679 343//680
f 2267//679 2268//681 343//682
f 2268//681 2269//683 343//684
f 2269//683 2270//685 343//686
f 343//686 2270//685 2271//687
f 2271//687 2272//688 343//689
f 343//689 2272//688 256//118
f 257//27 256//27 2261//663
f 2261//663 256//27 2272//663
f 2261//663 2272//663 2271//664
f 2261//663 2271//664 2260//664
f 2260//664 2271//664 2270//665
f 2260//664 2270//665 2259//665
f 2259//665 2270//665 2258//589
f 2270//665 2269//589 2258//589
f 2258//589 2269//589 2268//666
f 2258//589 2268//666 2257//666
f 2257//666 2268//666 2267//245
f 2257//666 2267//245 2251//245
f 2251//245 2267//245 2252//667
f 2267//245 2266//667 2252//667
f 2252//667 2266//667 2265//534
f 2252//667 2265//534 2253//534
f 2253//534 2265//534 2264//668
f 2253//534 2264//668 2254//668
f 2254//668 2264//668 2263//669
f 2254//668 2263//669 2255//669
f 2255//669 2263//669 2256//670
f 2263//669 2262//670 2256//670
f 2256//670 2262//670 197//53
f 2256//670 197//53 199//53
f 340//690 236//691 2273//692
f 2273//692 236//691 238//693
f 2273//692 238//693 240//694
f 240//694 242//695 2273//692
f 2273//692 242//695 2274//696
f 2273//692 2274//696 2275//41
f 2275//41 2274//696 2276//697
f 2275//41 2276//697 2277//698
f 2277//698 2276//697 296//699
f 2277//698 296//699 302//700
f 242//695 244//701 2274//696
f 2274//696 244//701 246//702
f 2274//696 246//702 248//703
f 248//703 250//106 2274//696
f 2274//696 250//106 251//704
f 2274//696 251//704 282//705
f 282//705 283//108 2274//696
f 2274//696 283//108 285//706
f 2274//696 285//706 2276//697
f 2276//697 285//706 287//707
f 2276//697 287//707 289//708
f 289//708 291//709 2276//697
f 2276//697 291//709 293//710
f 2276//697 293//710 296//699
f 302//700 301//711 2277//698
f 2277//698 301//711 299//115
f 2277//698 299//115 207//712
f 207//712 308//713 2277//698
f 2277//698 308//713 306//714
f 2277//698 306//714 304//715
f 304//715 311//716 2277//698
f 2277//698 311//716 312//717
f 2277//698 312//717 2275//41
f 2275//41 312//717 314//718
f 2275//41 314//718 2278//719
f 2278//719 314//718 315//89
f 2278//719 315//89 317//720
f 317//720 319//87 2278//719
f 2278//719 319//87 321//721
f 2278//719 321//721 323//722
f 2278//719 323//722 2279//723
f 2279//723 323//722 325//724
f 2279//723 325//724 328//725
f 328//725 329//726 2279//723
f 2279//723 329//726 332//727
f 2279//723 332//727 334//728
f 2279//723 334//728 2273//692
f 2273//692 334//728 336//729
f 2273//692 336//729 338//730
f 338//730 340//690 2273//692
f 2273//692 2275//41 2279//723
f 2279//723 2275//41 2278//719
f 228//690 342//691 2280//692
f 2280//692 342//691 341//693
f 2280//692 341//693 339//694
f 339//694 337//695 2280//692
f 2280//692 337//695 2281//696
f 2280//692 2281//696 2282//41
f 2282//41 2281//696 2283//697
f 2282//41 2283//697 2284//698
f 2284//698 2283//697 310//699
f 2284//698 310//699 303//700
f 337//695 335//701 2281//696
f 2281//696 335//701 333//702
f 2281//696 333//702 331//703
f 331//703 330//106 2281//696
f 2281//696 330//106 327//704
f 2281//696 327//704 326//705
f 326//705 324//108 2281//696
f 2281//696 324//108 322//706
f 2281//696 322//706 2283//697
f 2283//697 322//706 320//707
f 2283//697 320//707 318//708
f 318//708 316//709 2283//697
f 2283//697 316//709 313//710
f 2283//697 313//710 310//699
f 303//700 305//711 2284//698
f 2284//698 305//711 307//115
f 2284//698 307//115 309//712
f 309//712 215//713 2284//698
f 2284//698 215//713 214//714
f 2284//698 214//714 213//715
f 213//715 211//716 2284//698
f 2284//698 211//716 210//717
f 2284//698 210//717 2282//41
f 2282//41 210//717 221//718
f 2282//41 221//718 2285//719
f 2285//719 221//718 220//89
f 2285//719 220//89 219//720
f 219//720 217//87 2285//719
f 2285//719 217//87 216//721
f 2285//719 216//721 227//722
f 2285//719 227//722 2286//723
f 2286//723 227//722 226//724
f 2286//723 226//724 225//725
f 225//725 223//726 2286//723
f 2286//723 223//726 222//727
f 2286//723 222//727 232//728
f 2286//723 232//728 2280//692
f 2280//692 232//728 231//729
f 2280//692 231//729 229//730
f 229//730 228//690 2280//692
f 2280//692 2282//41 2286//723
f 2286//723 2282//41 2285//719
f 239//690 237//691 2287//692
f 2287//692 237//691 263//693
f 2287//692 263//693 262//694
f 262//694 261//695 2287//692
f 2287//692 261//695 2288//696
f 2287//692 2288//696 2289//41
f 2289//41 2288//696 2290//697
f 2289//41 2290//697 2291//698
f 2291//698 2290//697 279//699
f 2291//698 279//699 278//700
f 261//695 259//701 2288//696
f 2288//696 259//701 258//702
f 2288//696 258//702 269//703
f 269//703 268//106 2288//696
f 2288//696 268//106 267//704
f 2288//696 267//704 265//705
f 265//705 264//108 2288//696
f 2288//696 264//108 275//706
f 2288//696 275//706 2290//697
f 2290//697 275//706 274//707
f 2290//697 274//707 273//708
f 273//708 271//709 2290//697
f 2290//697 271//709 270//710
f 2290//697 270//710 279//699
f 278//700 277//711 2291//698
f 2291//698 277//711 276//115
f 2291//698 276//115 208//712
f 208//712 209//713 2291//698
f 2291//698 209//713 300//714
f 2291//698 300//714 298//715
f 298//715 297//716 2291//698
f 2291//698 297//716 295//717
f 2291//698 295//717 2289//41
f 2289//41 295//717 294//718
f 2289//41 294//718 2292//719
f 2292//719 294//718 292//89
f 2292//719 292//89 290//720
f 290//720 288//87 2292//719
f 2292//719 288//87 286//721
f 2292//719 286//721 284//722
f 2292//719 284//722 2293//723
f 2293//723 284//722 281//724
f 2293//723 281//724 280//725
f 280//725 249//726 2293//723
f 2293//723 249//726 247//727
f 2293//723 247//727 245//728
f 2293//723 245//728 2287//692
f 2287//692 245//728 243//729
f 2287//692 243//729 241//730
f 241//730 239//690 2287//692
f 2287//692 2289//41 2293//723
f 2293//723 2289//41 2292//719
f 196//27 2294//731 195//27
f 195//27 2294//731 1014//663
f 2294//731 2295//732 1014//663
f 1014//663 2295//732 1015//664
f 2295//732 2296//733 1015//664
f 1015//664 2296//733 1016//665
f 2296//733 2297//665 1016//665
f 1016//665 2297//665 2298//734
f 1016//665 2298//734 1017//589
f 1017//589 2298//734 2299//735
f 1017//589 2299//735 1018//666
f 1018//666 2299//735 2300//736
f 1018//666 2300//736 1019//245
f 1019//245 2300//736 2301//245
f 1019//245 2301//245 2302//737
f 1019//245 2302//737 1020//667
f 1020//667 2302//737 2303//738
f 1020//667 2303//738 1021//534
f 1021//534 2303//738 2304//739
f 1021//534 2304//739 1004//668
f 1004//668 2304//739 2305//668
f 1004//668 2305//668 2306//740
f 1004//668 2306//740 1006//669
f 1006//669 2306//740 2307//741
f 1006//669 2307//741 1007//670
f 1007//670 2307//741 2308//742
f 1007//670 2308//742 169//53
f 169//53 2308//742 167//53
f 168//743 167//744 2309//165
f 2309//165 167//744 2308//745
f 2309//165 2308//745 2307//746
f 2307//746 2306//747 2309//165
f 2309//165 2306//747 2305//748
f 2309//165 2305//748 2304//749
f 2304//749 2303//750 2309//165
f 2309//165 2303//750 2302//751
f 2309//165 2302//751 2301//752
f 2301//752 2300//753 2309//165
f 2309//165 2300//753 2299//754
f 2309//165 2299//754 2298//755
f 2298//755 2297//756 2309//165
f 2309//165 2297//756 2296//757
f 2309//165 2296//757 2295//758
f 2295//758 2294//759 2309//165
f 2309//165 2294//759 196//760
f 2309//165 196//760 194//761
f 194//761 192//762 2309//165
f 2309//165 192//762 190//763
f 2309//165 190//763 189//764
f 189//764 187//765 2309//165
f 2309//165 187//765 185//766
f 2309//165 185//766 183//767
f 183//767 182//768 2309//165
f 2309//165 182//768 180//769
f 2309//165 180//769 178//770
f 178//770 176//771 2309//165
f 2309//165 176//771 175//772
f 2309//165 175//772 173//773
f 173//773 171//774 2309//165
f 2309//165 171//774 168//743
f 165//53 166//53 956//670
f 956//670 166//53 2310//670
f 956//670 2310//670 2311//669
f 956//670 2311//669 954//669
f 954//669 2311//669 2312//668
f 954//669 2312//668 952//668
f 952//668 2312//668 951//534
f 2312//668 2313//534 951//534
f 951//534 2313//534 2314//667
f 951//534 2314//667 942//667
f 942//667 2314//667 2315//245
f 942//667 2315//245 943//245
f 943//245 2315//245 944//666
f 2315//245 2316//666 944//666
f 944//666 2316//666 2317//589
f 944//666 2317//589 958//589
f 958//589 2317//589 2318//665
f 958//589 2318//665 959//665
f 959//665 2318//665 2319//664
f 959//665 2319//664 960//664
f 960//664 2319//664 961//663
f 2319//664 2320//663 961//663
f 961//663 2320//663 141//27
f 961//663 141//27 143//27
f 2316//192 2314//192 2317//192
f 2317//192 2314//192 2313//192
f 2317//192 2313//192 2318//192
f 2318//192 2313//192 2312//192
f 2318//192 2312//192 2319//192
f 2319//192 2312//192 2311//192
f 2319//192 2311//192 2320//192
f 2320//192 2311//192 2310//192
f 2320//192 2310//192 141//192
f 141//192 2310//192 166//192
f 141//192 166//192 142//192
f 142//192 166//192 163//192
f 142//192 163//192 146//192
f 146//192 163//192 161//192
f 146//192 161//192 147//192
f 147//192 161//192 160//192
f 147//192 160//192 149//192
f 149//192 160//192 157//192
f 149//192 157//192 151//192
f 151//192 157//192 155//192
f 151//192 155//192 154//192
f 2316//192 2315//192 2314//192
f 139//53 140//53 945//670
f 945//670 140//53 2321//670
f 945//670 2321//670 2322//669
f 945//670 2322//669 946//669
f 946//669 2322//669 2323//668
f 946//669 2323//668 947//668
f 947//668 2323//668 948//534
f 2323//668 2324//534 948//534
f 948//534 2324//534 2325//667
f 948//534 2325//667 949//667
f 949//667 2325//667 2326//245
f 949//667 2326//245 940//245
f 940//245 2326//245 941//666
f 2326//245 2327//666 941//666
f 941//666 2327//666 2328//589
f 941//666 2328//589 950//589
f 950//589 2328//589 2329//665
f 950//589 2329//665 953//665
f 953//665 2329//665 2330//664
f 953//665 2330//664 955//664
f 955//664 2330//664 957//663
f 2330//664 2331//663 957//663
f 957//663 2331//663 115//27
f 957//663 115//27 117//27
f 2327//192 2325//192 2328//192
f 2328//192 2325//192 2324//192
f 2328//192 2324//192 2329//192
f 2329//192 2324//192 2323//192
f 2329//192 2323//192 2330//192
f 2330//192 2323//192 2322//192
f 2330//192 2322//192 2331//192
f 2331//192 2322//192 2321//192
f 2331//192 2321//192 115//192
f 115//192 2321//192 140//192
f 115//192 140//192 116//192
f 116//192 140//192 137//192
f 116//192 137//192 120//192
f 120//192 137//192 135//192
f 120//192 135//192 121//192
f 121//192 135//192 134//192
f 121//192 134//192 123//192
f 123//192 134//192 131//192
f 123//192 131//192 125//192
f 125//192 131//192 129//192
f 125//192 129//192 128//192
f 2327//192 2326//192 2325//192
f 114//53 113//53 2146//775
f 2146//775 113//53 2332//670
f 2146//775 2332//670 2147//776
f 2147//776 2332//670 2333//669
f 2147//776 2333//669 2148//777
f 2148//777 2333//669 2149//778
f 2333//669 2334//668 2149//778
f 2149//778 2334//668 2150//779
f 2150//779 2334//668 2151//780
f 2151//780 2334//668 2335//534
f 2151//780 2335//534 920//781
f 920//781 2335//534 2336//667
f 920//781 2336//667 922//782
f 922//782 2336//667 2337//245
f 922//782 2337//245 923//783
f 923//783 2337//245 2338//666
f 923//783 2338//666 924//784
f 924//784 2338//666 2339//589
f 924//784 2339//589 933//785
f 933//785 2339//589 2340//665
f 933//785 2340//665 931//786
f 931//786 2340//665 2341//664
f 931//786 2341//664 929//787
f 929//787 2341//664 2342//663
f 929//787 2342//663 927//788
f 927//788 2342//663 86//27
f 927//788 86//27 88//27
f 2338//192 2336//192 2339//192
f 2339//192 2336//192 2335//192
f 2339//192 2335//192 2340//192
f 2340//192 2335//192 2334//192
f 2340//192 2334//192 2341//192
f 2341//192 2334//192 2333//192
f 2341//192 2333//192 2342//192
f 2342//192 2333//192 2332//192
f 2342//192 2332//192 86//192
f 86//192 2332//192 113//192
f 86//192 113//192 87//192
f 87//192 113//192 111//192
f 87//192 111//192 91//192
f 91//192 111//192 108//192
f 91//192 108//192 93//192
f 93//192 108//192 105//192
f 93//192 105//192 95//192
f 95//192 105//192 103//192
f 95//192 103//192 97//192
f 97//192 103//192 101//192
f 97//192 101//192 99//192
f 2338//192 2337//192 2336//192
f 84//53 85//53 926//789
f 926//789 85//53 2343//670
f 926//789 2343//670 928//790
f 928//790 2343//670 2344//669
f 928//790 2344//669 930//791
f 930//791 2344//669 2345//668
f 930//791 2345//668 932//792
f 932//792 2345//668 2346//534
f 932//792 2346//534 934//793
f 934//793 2346//534 2347//667
f 934//793 2347//667 936//794
f 936//794 2347//667 2348//245
f 936//794 2348//245 937//795
f 937//795 2348//245 2349//666
f 937//795 2349//666 938//796
f 938//796 2349//666 2350//589
f 938//796 2350//589 2140//797
f 2140//797 2350//589 2351//665
f 2140//797 2351//665 2141//798
f 2141//798 2351//665 2142//799
f 2351//665 2352//664 2142//799
f 2142//799 2352//664 2143//800
f 2143//800 2352//664 2144//801
f 2144//801 2352//664 2353//663
f 2144//801 2353//663 2145//802
f 2145//802 2353//663 58//27
f 2145//802 58//27 57//27
f 2349//192 2347//192 2350//192
f 2350//192 2347//192 2346//192
f 2350//192 2346//192 2351//192
f 2351//192 2346//192 2345//192
f 2351//192 2345//192 2352//192
f 2352//192 2345//192 2344//192
f 2352//192 2344//192 2353//192
f 2353//192 2344//192 2343//192
f 2353//192 2343//192 58//192
f 58//192 2343//192 85//192
f 58//192 85//192 60//192
f 60//192 85//192 82//192
f 60//192 82//192 62//192
f 62//192 82//192 80//192
f 62//192 80//192 65//192
f 65//192 80//192 78//192
f 65//192 78//192 68//192
f 68//192 78//192 76//192
f 68//192 76//192 70//192
f 70//192 76//192 74//192
f 70//192 74//192 72//192
f 2349//192 2348//192 2347//192
usemtl 10_01_17_00566_color_3
f 2354//27 2355//204 2356//27
f 2356//27 2355//204 2357//204
f 2357//204 2355//204 2358//206
f 2358//206 2355//204 2359//206
f 2358//206 2359//206 2360//208
f 2358//206 2360//208 2361//208
f 2361//208 2360//208 2362//211
f 2361//208 2362//211 2363//211
f 2363//211 2362//211 2364//213
f 2363//211 2364//213 2365//213
f 2365//213 2364//213 2366//192
f 2364//213 2367//192 2366//192
f 2366//192 2367//192 2368//216
f 2366//192 2368//216 2369//216
f 2369//216 2368//216 2370//218
f 2369//216 2370//218 2371//218
f 2371//218 2370//218 2372//220
f 2370//218 2373//220 2372//220
f 2372//220 2373//220 2374//223
f 2372//220 2374//223 2375//223
f 2375//223 2374//223 2376//225
f 2375//223 2376//225 2377//225
f 2377//225 2376//225 2378//53
f 2376//225 2379//53 2378//53
usemtl 10_01_17_00566_color_1
f 2380//245 2381//245 2382//245
f 2382//245 2381//245 2383//245
f 2382//245 2383//245 2384//245
f 2384//245 2383//245 2385//245
f 2384//245 2385//245 2386//245
f 2386//245 2385//245 2387//245
f 2386//245 2387//245 2388//245
f 2388//245 2387//245 2389//245
f 2388//245 2389//245 2354//245
f 2354//245 2389//245 2379//245
f 2354//245 2379//245 2355//245
f 2355//245 2379//245 2376//245
f 2355//245 2376//245 2359//245
f 2359//245 2376//245 2374//245
f 2359//245 2374//245 2360//245
f 2360//245 2374//245 2373//245
f 2360//245 2373//245 2362//245
f 2362//245 2373//245 2370//245
f 2362//245 2370//245 2364//245
f 2364//245 2370//245 2368//245
f 2364//245 2368//245 2367//245
f 2380//245 2390//245 2381//245
f 2391//41 2392//41 2393//41
f 2393//41 2392//41 2394//41
f 2393//41 2394//41 2395//41
f 2395//41 2394//41 2396//41
f 2395//41 2396//41 2397//41
f 2397//41 2396//41 2398//41
f 2397//41 2398//41 2399//41
f 2399//41 2398//41 2400//41
f 2399//41 2400//41 2378//41
f 2378//41 2400//41 2356//41
f 2378//41 2356//41 2377//41
f 2377//41 2356//41 2357//41
f 2377//41 2357//41 2375//41
f 2375//41 2357//41 2358//41
f 2375//41 2358//41 2372//41
f 2372//41 2358//41 2361//41
f 2372//41 2361//41 2371//41
f 2371//41 2361//41 2363//41
f 2371//41 2363//41 2369//41
f 2369//41 2363//41 2365//41
f 2369//41 2365//41 2366//41
f 2391//41 2401//41 2392//41
usemtl 10_01_17_00566_color_3
f 2378//53 2379//53 2399//170
f 2399//170 2379//53 2389//170
f 2399//170 2389//170 2387//169
f 2399//170 2387//169 2397//169
f 2397//169 2387//169 2385//168
f 2397//169 2385//168 2395//168
f 2395//168 2385//168 2393//167
f 2385//168 2383//167 2393//167
f 2393//167 2383//167 2381//166
f 2393//167 2381//166 2391//166
f 2391//166 2381//166 2390//165
f 2391//166 2390//165 2401//165
f 2401//165 2390//165 2392//164
f 2390//165 2380//164 2392//164
f 2392//164 2380//164 2382//163
f 2392//164 2382//163 2394//163
f 2394//163 2382//163 2384//162
f 2394//163 2384//162 2396//162
f 2396//162 2384//162 2386//161
f 2396//162 2386//161 2398//161
f 2398//161 2386//161 2400//160
f 2386//161 2388//160 2400//160
f 2400//160 2388//160 2354//27
f 2400//160 2354//27 2356//27
f 2402//27 2403//204 2404//27
f 2404//27 2403//204 2405//204
f 2405//204 2403//204 2406//206
f 2406//206 2403//204 2407//206
f 2406//206 2407//206 2408//208
f 2406//206 2408//208 2409//208
f 2409//208 2408//208 2410//211
f 2409//208 2410//211 2411//211
f 2411//211 2410//211 2412//213
f 2411//211 2412//213 2413//213
f 2413//213 2412//213 2414//192
f 2412//213 2415//192 2414//192
f 2414//192 2415//192 2416//216
f 2414//192 2416//216 2417//216
f 2417//216 2416//216 2418//218
f 2417//216 2418//218 2419//218
f 2419//218 2418//218 2420//220
f 2418//218 2421//220 2420//220
f 2420//220 2421//220 2422//223
f 2420//220 2422//223 2423//223
f 2423//223 2422//223 2424//225
f 2423//223 2424//225 2425//225
f 2425//225 2424//225 2426//53
f 2424//225 2427//53 2426//53
usemtl 10_01_17_00566_color_1
f 2428//245 2429//245 2430//245
f 2430//245 2429//245 2431//245
f 2430//245 2431//245 2432//245
f 2432//245 2431//245 2433//245
f 2432//245 2433//245 2434//245
f 2434//245 2433//245 2435//245
f 2434//245 2435//245 2436//245
f 2436//245 2435//245 2437//245
f 2436//245 2437//245 2402//245
f 2402//245 2437//245 2427//245
f 2402//245 2427//245 2403//245
f 2403//245 2427//245 2424//245
f 2403//245 2424//245 2407//245
f 2407//245 2424//245 2422//245
f 2407//245 2422//245 2408//245
f 2408//245 2422//245 2421//245
f 2408//245 2421//245 2410//245
f 2410//245 2421//245 2418//245
f 2410//245 2418//245 2412//245
f 2412//245 2418//245 2416//245
f 2412//245 2416//245 2415//245
f 2428//245 2438//245 2429//245
f 2439//41 2440//41 2441//41
f 2441//41 2440//41 2442//41
f 2441//41 2442//41 2443//41
f 2443//41 2442//41 2444//41
f 2443//41 2444//41 2445//41
f 2445//41 2444//41 2446//41
f 2445//41 2446//41 2447//41
f 2447//41 2446//41 2448//41
f 2447//41 2448//41 2426//41
f 2426//41 2448//41 2404//41
f 2426//41 2404//41 2425//41
f 2425//41 2404//41 2405//41
f 2425//41 2405//41 2423//41
f 2423//41 2405//41 2406//41
f 2423//41 2406//41 2420//41
f 2420//41 2406//41 2409//41
f 2420//41 2409//41 2419//41
f 2419//41 2409//41 2411//41
f 2419//41 2411//41 2417//41
f 2417//41 2411//41 2413//41
f 2417//41 2413//41 2414//41
f 2439//41 2449//41 2440//41
usemtl 10_01_17_00566_color_3
f 2426//53 2427//53 2447//170
f 2447//170 2427//53 2437//170
f 2447//170 2437//170 2435//169
f 2447//170 2435//169 2445//169
f 2445//169 2435//169 2433//168
f 2445//169 2433//168 2443//168
f 2443//168 2433//168 2441//167
f 2433//168 2431//167 2441//167
f 2441//167 2431//167 2429//166
f 2441//167 2429//166 2439//166
f 2439//166 2429//166 2438//165
f 2439//166 2438//165 2449//165
f 2449//165 2438//165 2440//164
f 2438//165 2428//164 2440//164
f 2440//164 2428//164 2430//163
f 2440//164 2430//163 2442//163
f 2442//163 2430//163 2432//162
f 2442//163 2432//162 2444//162
f 2444//162 2432//162 2434//161
f 2444//162 2434//161 2446//161
f 2446//161 2434//161 2448//160
f 2434//161 2436//160 2448//160
f 2448//160 2436//160 2402//27
f 2448//160 2402//27 2404//27
f 2450//27 2451//204 2452//27
f 2452//27 2451//204 2453//204
f 2453//204 2451//204 2454//206
f 2454//206 2451//204 2455//206
f 2454//206 2455//206 2456//208
f 2454//206 2456//208 2457//208
f 2457//208 2456//208 2458//211
f 2457//208 2458//211 2459//211
f 2459//211 2458//211 2460//213
f 2459//211 2460//213 2461//213
f 2461//213 2460//213 2462//192
f 2460//213 2463//192 2462//192
f 2462//192 2463//192 2464//216
f 2462//192 2464//216 2465//216
f 2465//216 2464//216 2466//218
f 2465//216 2466//218 2467//218
f 2467//218 2466//218 2468//220
f 2466//218 2469//220 2468//220
f 2468//220 2469//220 2470//223
f 2468//220 2470//223 2471//223
f 2471//223 2470//223 2472//225
f 2471//223 2472//225 2473//225
f 2473//225 2472//225 2474//53
f 2472//225 2475//53 2474//53
usemtl 10_01_17_00566_color_1
f 2476//245 2477//245 2478//245
f 2478//245 2477//245 2479//245
f 2478//245 2479//245 2480//245
f 2480//245 2479//245 2481//245
f 2480//245 2481//245 2482//245
f 2482//245 2481//245 2483//245
f 2482//245 2483//245 2484//245
f 2484//245 2483//245 2485//245
f 2484//245 2485//245 2450//245
f 2450//245 2485//245 2475//245
f 2450//245 2475//245 2451//245
f 2451//245 2475//245 2472//245
f 2451//245 2472//245 2455//245
f 2455//245 2472//245 2470//245
f 2455//245 2470//245 2456//245
f 2456//245 2470//245 2469//245
f 2456//245 2469//245 2458//245
f 2458//245 2469//245 2466//245
f 2458//245 2466//245 2460//245
f 2460//245 2466//245 2464//245
f 2460//245 2464//245 2463//245
f 2476//245 2486//245 2477//245
f 2487//41 2488//41 2489//41
f 2489//41 2488//41 2490//41
f 2489//41 2490//41 2491//41
f 2491//41 2490//41 2492//41
f 2491//41 2492//41 2493//41
f 2493//41 2492//41 2494//41
f 2493//41 2494//41 2495//41
f 2495//41 2494//41 2496//41
f 2495//41 2496//41 2474//41
f 2474//41 2496//41 2452//41
f 2474//41 2452//41 2473//41
f 2473//41 2452//41 2453//41
f 2473//41 2453//41 2471//41
f 2471//41 2453//41 2454//41
f 2471//41 2454//41 2468//41
f 2468//41 2454//41 2457//41
f 2468//41 2457//41 2467//41
f 2467//41 2457//41 2459//41
f 2467//41 2459//41 2465//41
f 2465//41 2459//41 2461//41
f 2465//41 2461//41 2462//41
f 2487//41 2497//41 2488//41
usemtl 10_01_17_00566_color_3
f 2474//53 2475//53 2495//170
f 2495//170 2475//53 2485//170
f 2495//170 2485//170 2483//169
f 2495//170 2483//169 2493//169
f 2493//169 2483//169 2481//168
f 2493//169 2481//168 2491//168
f 2491//168 2481//168 2489//167
f 2481//168 2479//167 2489//167
f 2489//167 2479//167 2477//166
f 2489//167 2477//166 2487//166
f 2487//166 2477//166 2486//165
f 2487//166 2486//165 2497//165
f 2497//165 2486//165 2488//164
f 2486//165 2476//164 2488//164
f 2488//164 2476//164 2478//163
f 2488//164 2478//163 2490//163
f 2490//163 2478//163 2480//162
f 2490//163 2480//162 2492//162
f 2492//162 2480//162 2482//161
f 2492//162 2482//161 2494//161
f 2494//161 2482//161 2496//160
f 2482//161 2484//160 2496//160
f 2496//160 2484//160 2450//27
f 2496//160 2450//27 2452//27
f 2498//27 2499//204 2500//27
f 2500//27 2499//204 2501//204
f 2501//204 2499//204 2502//206
f 2502//206 2499//204 2503//206
f 2502//206 2503//206 2504//208
f 2502//206 2504//208 2505//208
f 2505//208 2504//208 2506//211
f 2505//208 2506//211 2507//211
f 2507//211 2506//211 2508//213
f 2507//211 2508//213 2509//213
f 2509//213 2508//213 2510//192
f 2508//213 2511//192 2510//192
f 2510//192 2511//192 2512//216
f 2510//192 2512//216 2513//216
f 2513//216 2512//216 2514//218
f 2513//216 2514//218 2515//218
f 2515//218 2514//218 2516//220
f 2514//218 2517//220 2516//220
f 2516//220 2517//220 2518//223
f 2516//220 2518//223 2519//223
f 2519//223 2518//223 2520//225
f 2519//223 2520//225 2521//225
f 2521//225 2520//225 2522//53
f 2520//225 2523//53 2522//53
usemtl 10_01_17_00566_color_1
f 2524//245 2525//245 2526//245
f 2526//245 2525//245 2527//245
f 2526//245 2527//245 2528//245
f 2528//245 2527//245 2529//245
f 2528//245 2529//245 2530//245
f 2530//245 2529//245 2531//245
f 2530//245 2531//245 2532//245
f 2532//245 2531//245 2533//245
f 2532//245 2533//245 2498//245
f 2498//245 2533//245 2523//245
f 2498//245 2523//245 2499//245
f 2499//245 2523//245 2520//245
f 2499//245 2520//245 2503//245
f 2503//245 2520//245 2518//245
f 2503//245 2518//245 2504//245
f 2504//245 2518//245 2517//245
f 2504//245 2517//245 2506//245
f 2506//245 2517//245 2514//245
f 2506//245 2514//245 2508//245
f 2508//245 2514//245 2512//245
f 2508//245 2512//245 2511//245
f 2524//245 2534//245 2525//245
f 2535//41 2536//41 2537//41
f 2537//41 2536//41 2538//41
f 2537//41 2538//41 2539//41
f 2539//41 2538//41 2540//41
f 2539//41 2540//41 2541//41
f 2541//41 2540//41 2542//41
f 2541//41 2542//41 2543//41
f 2543//41 2542//41 2544//41
f 2543//41 2544//41 2522//41
f 2522//41 2544//41 2500//41
f 2522//41 2500//41 2521//41
f 2521//41 2500//41 2501//41
f 2521//41 2501//41 2519//41
f 2519//41 2501//41 2502//41
f 2519//41 2502//41 2516//41
f 2516//41 2502//41 2505//41
f 2516//41 2505//41 2515//41
f 2515//41 2505//41 2507//41
f 2515//41 2507//41 2513//41
f 2513//41 2507//41 2509//41
f 2513//41 2509//41 2510//41
f 2535//41 2545//41 2536//41
usemtl 10_01_17_00566_color_3
f 2522//53 2523//53 2543//170
f 2543//170 2523//53 2533//170
f 2543//170 2533//170 2531//169
f 2543//170 2531//169 2541//169
f 2541//169 2531//169 2529//168
f 2541//169 2529//168 2539//168
f 2539//168 2529//168 2537//167
f 2529//168 2527//167 2537//167
f 2537//167 2527//167 2525//166
f 2537//167 2525//166 2535//166
f 2535//166 2525//166 2534//165
f 2535//166 2534//165 2545//165
f 2545//165 2534//165 2536//164
f 2534//165 2524//164 2536//164
f 2536//164 2524//164 2526//163
f 2536//164 2526//163 2538//163
f 2538//163 2526//163 2528//162
f 2538//163 2528//162 2540//162
f 2540//162 2528//162 2530//161
f 2540//162 2530//161 2542//161
f 2542//161 2530//161 2544//160
f 2530//161 2532//160 2544//160
f 2544//160 2532//160 2498//27
f 2544//160 2498//27 2500//27
f 2546//27 2547//204 2548//27
f 2548//27 2547//204 2549//204
f 2549//204 2547//204 2550//206
f 2550//206 2547//204 2551//206
f 2550//206 2551//206 2552//208
f 2550//206 2552//208 2553//208
f 2553//208 2552//208 2554//211
f 2553//208 2554//211 2555//211
f 2555//211 2554//211 2556//213
f 2555//211 2556//213 2557//213
f 2557//213 2556//213 2558//192
f 2556//213 2559//192 2558//192
f 2558//192 2559//192 2560//216
f 2558//192 2560//216 2561//216
f 2561//216 2560//216 2562//218
f 2561//216 2562//218 2563//218
f 2563//218 2562//218 2564//220
f 2562//218 2565//220 2564//220
f 2564//220 2565//220 2566//223
f 2564//220 2566//223 2567//223
f 2567//223 2566//223 2568//225
f 2567//223 2568//225 2569//225
f 2569//225 2568//225 2570//53
f 2568//225 2571//53 2570//53
usemtl 10_01_17_00566_color_1
f 2572//245 2573//245 2574//245
f 2574//245 2573//245 2575//245
f 2574//245 2575//245 2576//245
f 2576//245 2575//245 2577//245
f 2576//245 2577//245 2578//245
f 2578//245 2577//245 2579//245
f 2578//245 2579//245 2580//245
f 2580//245 2579//245 2581//245
f 2580//245 2581//245 2546//245
f 2546//245 2581//245 2571//245
f 2546//245 2571//245 2547//245
f 2547//245 2571//245 2568//245
f 2547//245 2568//245 2551//245
f 2551//245 2568//245 2566//245
f 2551//245 2566//245 2552//245
f 2552//245 2566//245 2565//245
f 2552//245 2565//245 2554//245
f 2554//245 2565//245 2562//245
f 2554//245 2562//245 2556//245
f 2556//245 2562//245 2560//245
f 2556//245 2560//245 2559//245
f 2572//245 2582//245 2573//245
f 2583//41 2584//41 2585//41
f 2585//41 2584//41 2586//41
f 2585//41 2586//41 2587//41
f 2587//41 2586//41 2588//41
f 2587//41 2588//41 2589//41
f 2589//41 2588//41 2590//41
f 2589//41 2590//41 2591//41
f 2591//41 2590//41 2592//41
f 2591//41 2592//41 2570//41
f 2570//41 2592//41 2548//41
f 2570//41 2548//41 2569//41
f 2569//41 2548//41 2549//41
f 2569//41 2549//41 2567//41
f 2567//41 2549//41 2550//41
f 2567//41 2550//41 2564//41
f 2564//41 2550//41 2553//41
f 2564//41 2553//41 2563//41
f 2563//41 2553//41 2555//41
f 2563//41 2555//41 2561//41
f 2561//41 2555//41 2557//41
f 2561//41 2557//41 2558//41
f 2583//41 2593//41 2584//41
usemtl 10_01_17_00566_color_3
f 2570//53 2571//53 2591//170
f 2591//170 2571//53 2581//170
f 2591//170 2581//170 2579//169
f 2591//170 2579//169 2589//169
f 2589//169 2579//169 2577//168
f 2589//169 2577//168 2587//168
f 2587//168 2577//168 2585//167
f 2577//168 2575//167 2585//167
f 2585//167 2575//167 2573//166
f 2585//167 2573//166 2583//166
f 2583//166 2573//166 2582//165
f 2583//166 2582//165 2593//165
f 2593//165 2582//165 2584//164
f 2582//165 2572//164 2584//164
f 2584//164 2572//164 2574//163
f 2584//164 2574//163 2586//163
f 2586//163 2574//163 2576//162
f 2586//163 2576//162 2588//162
f 2588//162 2576//162 2578//161
f 2588//162 2578//161 2590//161
f 2590//161 2578//161 2592//160
f 2578//161 2580//160 2592//160
f 2592//160 2580//160 2546//27
f 2592//160 2546//27 2548//27
f 2594//27 2595//204 2596//27
f 2596//27 2595//204 2597//204
f 2597//204 2595//204 2598//206
f 2598//206 2595//204 2599//206
f 2598//206 2599//206 2600//208
f 2598//206 2600//208 2601//208
f 2601//208 2600//208 2602//211
f 2601//208 2602//211 2603//211
f 2603//211 2602//211 2604//213
f 2603//211 2604//213 2605//213
f 2605//213 2604//213 2606//192
f 2604//213 2607//192 2606//192
f 2606//192 2607//192 2608//216
f 2606//192 2608//216 2609//216
f 2609//216 2608//216 2610//218
f 2609//216 2610//218 2611//218
f 2611//218 2610//218 2612//220
f 2610//218 2613//220 2612//220
f 2612//220 2613//220 2614//223
f 2612//220 2614//223 2615//223
f 2615//223 2614//223 2616//225
f 2615//223 2616//225 2617//225
f 2617//225 2616//225 2618//53
f 2616//225 2619//53 2618//53
usemtl 10_01_17_00566_color_1
f 2620//245 2621//245 2622//245
f 2622//245 2621//245 2623//245
f 2622//245 2623//245 2624//245
f 2624//245 2623//245 2625//245
f 2624//245 2625//245 2626//245
f 2626//245 2625//245 2627//245
f 2626//245 2627//245 2628//245
f 2628//245 2627//245 2629//245
f 2628//245 2629//245 2594//245
f 2594//245 2629//245 2619//245
f 2594//245 2619//245 2595//245
f 2595//245 2619//245 2616//245
f 2595//245 2616//245 2599//245
f 2599//245 2616//245 2614//245
f 2599//245 2614//245 2600//245
f 2600//245 2614//245 2613//245
f 2600//245 2613//245 2602//245
f 2602//245 2613//245 2610//245
f 2602//245 2610//245 2604//245
f 2604//245 2610//245 2608//245
f 2604//245 2608//245 2607//245
f 2620//245 2630//245 2621//245
f 2631//41 2632//41 2633//41
f 2633//41 2632//41 2634//41
f 2633//41 2634//41 2635//41
f 2635//41 2634//41 2636//41
f 2635//41 2636//41 2637//41
f 2637//41 2636//41 2638//41
f 2637//41 2638//41 2639//41
f 2639//41 2638//41 2640//41
f 2639//41 2640//41 2618//41
f 2618//41 2640//41 2596//41
f 2618//41 2596//41 2617//41
f 2617//41 2596//41 2597//41
f 2617//41 2597//41 2615//41
f 2615//41 2597//41 2598//41
f 2615//41 2598//41 2612//41
f 2612//41 2598//41 2601//41
f 2612//41 2601//41 2611//41
f 2611//41 2601//41 2603//41
f 2611//41 2603//41 2609//41
f 2609//41 2603//41 2605//41
f 2609//41 2605//41 2606//41
f 2631//41 2641//41 2632//41
usemtl 10_01_17_00566_color_3
f 2618//53 2619//53 2639//170
f 2639//170 2619//53 2629//170
f 2639//170 2629//170 2627//169
f 2639//170 2627//169 2637//169
f 2637//169 2627//169 2625//168
f 2637//169 2625//168 2635//168
f 2635//168 2625//168 2633//167
f 2625//168 2623//167 2633//167
f 2633//167 2623//167 2621//166
f 2633//167 2621//166 2631//166
f 2631//166 2621//166 2630//165
f 2631//166 2630//165 2641//165
f 2641//165 2630//165 2632//164
f 2630//165 2620//164 2632//164
f 2632//164 2620//164 2622//163
f 2632//164 2622//163 2634//163
f 2634//163 2622//163 2624//162
f 2634//163 2624//162 2636//162
f 2636//162 2624//162 2626//161
f 2636//162 2626//161 2638//161
f 2638//161 2626//161 2640//160
f 2626//161 2628//160 2640//160
f 2640//160 2628//160 2594//27
f 2640//160 2594//27 2596//27
f 2642//27 2643//204 2644//27
f 2644//27 2643//204 2645//204
f 2645//204 2643//204 2646//206
f 2646//206 2643//204 2647//206
f 2646//206 2647//206 2648//208
f 2646//206 2648//208 2649//208
f 2649//208 2648//208 2650//211
f 2649//208 2650//211 2651//211
f 2651//211 2650//211 2652//213
f 2651//211 2652//213 2653//213
f 2653//213 2652//213 2654//192
f 2652//213 2655//192 2654//192
f 2654//192 2655//192 2656//216
f 2654//192 2656//216 2657//216
f 2657//216 2656//216 2658//218
f 2657//216 2658//218 2659//218
f 2659//218 2658//218 2660//220
f 2658//218 2661//220 2660//220
f 2660//220 2661//220 2662//223
f 2660//220 2662//223 2663//223
f 2663//223 2662//223 2664//225
f 2663//223 2664//225 2665//225
f 2665//225 2664//225 2666//53
f 2664//225 2667//53 2666//53
usemtl 10_01_17_00566_color_1
f 2668//245 2669//245 2670//245
f 2670//245 2669//245 2671//245
f 2670//245 2671//245 2672//245
f 2672//245 2671//245 2673//245
f 2672//245 2673//245 2674//245
f 2674//245 2673//245 2675//245
f 2674//245 2675//245 2676//245
f 2676//245 2675//245 2677//245
f 2676//245 2677//245 2642//245
f 2642//245 2677//245 2667//245
f 2642//245 2667//245 2643//245
f 2643//245 2667//245 2664//245
f 2643//245 2664//245 2647//245
f 2647//245 2664//245 2662//245
f 2647//245 2662//245 2648//245
f 2648//245 2662//245 2661//245
f 2648//245 2661//245 2650//245
f 2650//245 2661//245 2658//245
f 2650//245 2658//245 2652//245
f 2652//245 2658//245 2656//245
f 2652//245 2656//245 2655//245
f 2668//245 2678//245 2669//245
f 2679//41 2680//41 2681//41
f 2681//41 2680//41 2682//41
f 2681//41 2682//41 2683//41
f 2683//41 2682//41 2684//41
f 2683//41 2684//41 2685//41
f 2685//41 2684//41 2686//41
f 2685//41 2686//41 2687//41
f 2687//41 2686//41 2688//41
f 2687//41 2688//41 2666//41
f 2666//41 2688//41 2644//41
f 2666//41 2644//41 2665//41
f 2665//41 2644//41 2645//41
f 2665//41 2645//41 2663//41
f 2663//41 2645//41 2646//41
f 2663//41 2646//41 2660//41
f 2660//41 2646//41 2649//41
f 2660//41 2649//41 2659//41
f 2659//41 2649//41 2651//41
f 2659//41 2651//41 2657//41
f 2657//41 2651//41 2653//41
f 2657//41 2653//41 2654//41
f 2679//41 2689//41 2680//41
usemtl 10_01_17_00566_color_3
f 2666//53 2667//53 2687//170
f 2687//170 2667//53 2677//170
f 2687//170 2677//170 2675//169
f 2687//170 2675//169 2685//169
f 2685//169 2675//169 2673//168
f 2685//169 2673//168 2683//168
f 2683//168 2673//168 2681//167
f 2673//168 2671//167 2681//167
f 2681//167 2671//167 2669//166
f 2681//167 2669//166 2679//166
f 2679//166 2669//166 2678//165
f 2679//166 2678//165 2689//165
f 2689//165 2678//165 2680//164
f 2678//165 2668//164 2680//164
f 2680//164 2668//164 2670//163
f 2680//164 2670//163 2682//163
f 2682//163 2670//163 2672//162
f 2682//163 2672//162 2684//162
f 2684//162 2672//162 2674//161
f 2684//162 2674//161 2686//161
f 2686//161 2674//161 2688//160
f 2674//161 2676//160 2688//160
f 2688//160 2676//160 2642//27
f 2688//160 2642//27 2644//27
f 2690//27 2691//204 2692//27
f 2692//27 2691//204 2693//204
f 2693//204 2691//204 2694//206
f 2694//206 2691//204 2695//206
f 2694//206 2695//206 2696//208
f 2694//206 2696//208 2697//208
f 2697//208 2696//208 2698//211
f 2697//208 2698//211 2699//211
f 2699//211 2698//211 2700//213
f 2699//211 2700//213 2701//213
f 2701//213 2700//213 2702//192
f 2700//213 2703//192 2702//192
f 2702//192 2703//192 2704//216
f 2702//192 2704//216 2705//216
f 2705//216 2704//216 2706//218
f 2705//216 2706//218 2707//218
f 2707//218 2706//218 2708//220
f 2706//218 2709//220 2708//220
f 2708//220 2709//220 2710//223
f 2708//220 2710//223 2711//223
f 2711//223 2710//223 2712//225
f 2711//223 2712//225 2713//225
f 2713//225 2712//225 2714//53
f 2712//225 2715//53 2714//53
usemtl 10_01_17_00566_color_1
f 2716//245 2717//245 2718//245
f 2718//245 2717//245 2719//245
f 2718//245 2719//245 2720//245
f 2720//245 2719//245 2721//245
f 2720//245 2721//245 2722//245
f 2722//245 2721//245 2723//245
f 2722//245 2723//245 2724//245
f 2724//245 2723//245 2725//245
f 2724//245 2725//245 2690//245
f 2690//245 2725//245 2715//245
f 2690//245 2715//245 2691//245
f 2691//245 2715//245 2712//245
f 2691//245 2712//245 2695//245
f 2695//245 2712//245 2710//245
f 2695//245 2710//245 2696//245
f 2696//245 2710//245 2709//245
f 2696//245 2709//245 2698//245
f 2698//245 2709//245 2706//245
f 2698//245 2706//245 2700//245
f 2700//245 2706//245 2704//245
f 2700//245 2704//245 2703//245
f 2716//245 2726//245 2717//245
f 2727//41 2728//41 2729//41
f 2729//41 2728//41 2730//41
f 2729//41 2730//41 2731//41
f 2731//41 2730//41 2732//41
f 2731//41 2732//41 2733//41
f 2733//41 2732//41 2734//41
f 2733//41 2734//41 2735//41
f 2735//41 2734//41 2736//41
f 2735//41 2736//41 2714//41
f 2714//41 2736//41 2692//41
f 2714//41 2692//41 2713//41
f 2713//41 2692//41 2693//41
f 2713//41 2693//41 2711//41
f 2711//41 2693//41 2694//41
f 2711//41 2694//41 2708//41
f 2708//41 2694//41 2697//41
f 2708//41 2697//41 2707//41
f 2707//41 2697//41 2699//41
f 2707//41 2699//41 2705//41
f 2705//41 2699//41 2701//41
f 2705//41 2701//41 2702//41
f 2727//41 2737//41 2728//41
usemtl 10_01_17_00566_color_3
f 2714//53 2715//53 2735//170
f 2735//170 2715//53 2725//170
f 2735//170 2725//170 2723//169
f 2735//170 2723//169 2733//169
f 2733//169 2723//169 2721//168
f 2733//169 2721//168 2731//168
f 2731//168 2721//168 2729//167
f 2721//168 2719//167 2729//167
f 2729//167 2719//167 2717//166
f 2729//167 2717//166 2727//166
f 2727//166 2717//166 2726//165
f 2727//166 2726//165 2737//165
f 2737//165 2726//165 2728//164
f 2726//165 2716//164 2728//164
f 2728//164 2716//164 2718//163
f 2728//164 2718//163 2730//163
f 2730//163 2718//163 2720//162
f 2730//163 2720//162 2732//162
f 2732//162 2720//162 2722//161
f 2732//162 2722//161 2734//161
f 2734//161 2722//161 2736//160
f 2722//161 2724//160 2736//160
f 2736//160 2724//160 2690//27
f 2736//160 2690//27 2692//27
l 85 82
l 82 80
l 80 78
l 78 76
l 76 74
l 74 72
l 72 70
l 70 68
l 68 65
l 65 62
l 62 60
l 60 58
l 85 84
l 84 83
l 83 81
l 81 79
l 79 77
l 77 75
l 75 73
l 73 71
l 71 69
l 57 59
l 59 61
l 61 63
l 63 64
l 64 66
l 66 67
l 67 69
l 58 57
l 113 111
l 111 108
l 108 105
l 105 103
l 103 101
l 101 99
l 99 97
l 97 95
l 95 93
l 93 91
l 91 87
l 87 86
l 113 114
l 102 104
l 104 106
l 106 107
l 107 109
l 109 110
l 110 112
l 112 114
l 102 100
l 100 98
l 98 96
l 96 94
l 94 92
l 92 90
l 90 89
l 89 88
l 86 88
l 140 137
l 137 135
l 135 134
l 134 131
l 131 129
l 129 128
l 128 125
l 125 123
l 123 121
l 121 120
l 120 116
l 116 115
l 140 139
l 139 138
l 138 136
l 136 133
l 133 132
l 132 130
l 130 127
l 127 126
l 126 124
l 124 122
l 122 119
l 119 118
l 118 117
l 115 117
l 166 163
l 163 161
l 161 160
l 160 157
l 157 155
l 155 154
l 154 151
l 151 149
l 149 147
l 147 146
l 146 142
l 142 141
l 166 165
l 165 164
l 164 162
l 162 159
l 159 158
l 158 156
l 156 153
l 153 152
l 152 150
l 150 148
l 148 145
l 145 144
l 144 143
l 141 143
l 196 194
l 194 192
l 192 190
l 190 189
l 189 187
l 187 185
l 185 183
l 183 182
l 182 180
l 180 178
l 178 176
l 176 175
l 175 173
l 173 171
l 171 168
l 168 167
l 196 195
l 169 170
l 170 172
l 172 174
l 174 177
l 177 179
l 179 181
l 181 184
l 184 186
l 186 188
l 188 191
l 191 193
l 193 195
l 167 169
l 256 254
l 254 252
l 252 233
l 233 230
l 230 224
l 224 218
l 218 212
l 212 205
l 205 203
l 203 202
l 202 198
l 198 197
l 256 257
l 257 255
l 255 253
l 253 234
l 234 235
l 235 260
l 260 266
l 266 272
l 272 206
l 206 204
l 204 201
l 201 200
l 200 199
l 197 199
l 208 276
l 276 277
l 277 278
l 278 279
l 279 270
l 270 271
l 271 273
l 273 274
l 274 275
l 275 264
l 264 265
l 265 267
l 267 268
l 268 269
l 269 258
l 258 259
l 259 261
l 261 262
l 262 263
l 263 237
l 237 239
l 239 241
l 241 243
l 243 245
l 245 247
l 247 249
l 249 280
l 280 281
l 281 284
l 284 286
l 286 288
l 288 290
l 290 292
l 292 294
l 294 295
l 295 297
l 297 298
l 298 300
l 300 209
l 209 208
l 309 307
l 307 305
l 305 303
l 303 310
l 310 313
l 313 316
l 316 318
l 318 320
l 320 322
l 322 324
l 324 326
l 326 327
l 327 330
l 330 331
l 331 333
l 333 335
l 335 337
l 337 339
l 339 341
l 341 342
l 342 228
l 228 229
l 229 231
l 231 232
l 232 222
l 222 223
l 223 225
l 225 226
l 226 227
l 227 216
l 216 217
l 217 219
l 219 220
l 220 221
l 221 210
l 210 211
l 211 213
l 213 214
l 214 215
l 215 309
l 207 299
l 299 301
l 301 302
l 302 296
l 296 293
l 293 291
l 291 289
l 289 287
l 287 285
l 285 283
l 283 282
l 282 251
l 251 250
l 250 248
l 248 246
l 246 244
l 244 242
l 242 240
l 240 238
l 238 236
l 236 340
l 340 338
l 338 336
l 336 334
l 334 332
l 332 329
l 329 328
l 328 325
l 325 323
l 323 321
l 321 319
l 319 317
l 317 315
l 315 314
l 314 312
l 312 311
l 311 304
l 304 306
l 306 308
l 308 207
l 343 197
l 343 256
l 369 366
l 366 364
l 364 363
l 363 360
l 360 358
l 358 357
l 357 354
l 354 352
l 352 350
l 350 349
l 349 345
l 345 344
l 369 368
l 346 347
l 347 348
l 348 351
l 351 353
l 353 355
l 355 356
l 356 359
l 359 361
l 361 362
l 362 365
l 365 367
l 367 368
l 344 346
l 372 383
l 372 370
l 370 371
l 371 373
l 373 374
l 374 375
l 375 376
l 376 377
l 377 378
l 378 379
l 379 380
l 380 381
l 381 382
l 382 383
l 370 396
l 384 385
l 385 386
l 386 387
l 387 388
l 388 389
l 389 390
l 390 391
l 391 392
l 392 393
l 393 394
l 394 395
l 395 396
l 383 384
l 399 410
l 399 397
l 397 398
l 398 400
l 400 401
l 401 402
l 402 403
l 403 404
l 404 405
l 405 406
l 406 407
l 407 408
l 408 409
l 409 410
l 397 423
l 411 412
l 412 413
l 413 414
l 414 415
l 415 416
l 416 417
l 417 418
l 418 419
l 419 420
l 420 421
l 421 422
l 422 423
l 410 411
l 426 437
l 426 424
l 424 425
l 425 427
l 427 428
l 428 429
l 429 430
l 430 431
l 431 432
l 432 433
l 433 434
l 434 435
l 435 436
l 436 437
l 424 450
l 438 439
l 439 440
l 440 441
l 441 442
l 442 443
l 443 444
l 444 445
l 445 446
l 446 447
l 447 448
l 448 449
l 449 450
l 437 438
l 453 464
l 453 451
l 451 452
l 452 454
l 454 455
l 455 456
l 456 457
l 457 458
l 458 459
l 459 460
l 460 461
l 461 462
l 462 463
l 463 464
l 451 477
l 465 466
l 466 467
l 467 468
l 468 469
l 469 470
l 470 471
l 471 472
l 472 473
l 473 474
l 474 475
l 475 476
l 476 477
l 464 465
l 480 491
l 480 478
l 478 479
l 479 481
l 481 482
l 482 483
l 483 484
l 484 485
l 485 486
l 486 487
l 487 488
l 488 489
l 489 490
l 490 491
l 478 504
l 492 493
l 493 494
l 494 495
l 495 496
l 496 497
l 497 498
l 498 499
l 499 500
l 500 501
l 501 502
l 502 503
l 503 504
l 491 492
l 507 518
l 507 505
l 505 506
l 506 508
l 508 509
l 509 510
l 510 511
l 511 512
l 512 513
l 513 514
l 514 515
l 515 516
l 516 517
l 517 518
l 505 531
l 519 520
l 520 521
l 521 522
l 522 523
l 523 524
l 524 525
l 525 526
l 526 527
l 527 528
l 528 529
l 529 530
l 530 531
l 518 519
l 534 545
l 534 532
l 532 533
l 533 535
l 535 536
l 536 537
l 537 538
l 538 539
l 539 540
l 540 541
l 541 542
l 542 543
l 543 544
l 544 545
l 532 558
l 546 547
l 547 548
l 548 549
l 549 550
l 550 551
l 551 552
l 552 553
l 553 554
l 554 555
l 555 556
l 556 557
l 557 558
l 545 546
l 561 572
l 561 559
l 559 560
l 560 562
l 562 563
l 563 564
l 564 565
l 565 566
l 566 567
l 567 568
l 568 569
l 569 570
l 570 571
l 571 572
l 559 585
l 573 574
l 574 575
l 575 576
l 576 577
l 577 578
l 578 579
l 579 580
l 580 581
l 581 582
l 582 583
l 583 584
l 584 585
l 572 573
l 588 599
l 588 586
l 586 587
l 587 589
l 589 590
l 590 591
l 591 592
l 592 593
l 593 594
l 594 595
l 595 596
l 596 597
l 597 598
l 598 599
l 586 612
l 600 601
l 601 602
l 602 603
l 603 604
l 604 605
l 605 606
l 606 607
l 607 608
l 608 609
l 609 610
l 610 611
l 611 612
l 599 600
l 615 626
l 615 613
l 613 614
l 614 616
l 616 617
l 617 618
l 618 619
l 619 620
l 620 621
l 621 622
l 622 623
l 623 624
l 624 625
l 625 626
l 613 639
l 627 628
l 628 629
l 629 630
l 630 631
l 631 632
l 632 633
l 633 634
l 634 635
l 635 636
l 636 637
l 637 638
l 638 639
l 626 627
l 667 665
l 665 663
l 663 660
l 660 658
l 658 656
l 656 654
l 654 652
l 652 650
l 650 647
l 647 645
l 645 643
l 643 641
l 667 668
l 646 648
l 648 649
l 649 651
l 651 653
l 653 655
l 655 657
l 657 659
l 659 661
l 661 662
l 662 664
l 664 666
l 666 668
l 646 644
l 644 642
l 642 640
l 641 640
l 696 694
l 694 692
l 692 689
l 689 687
l 687 685
l 685 683
l 683 681
l 681 679
l 679 676
l 676 674
l 674 672
l 672 670
l 696 697
l 675 677
l 677 678
l 678 680
l 680 682
l 682 684
l 684 686
l 686 688
l 688 690
l 690 691
l 691 693
l 693 695
l 695 697
l 675 673
l 673 671
l 671 669
l 670 669
l 725 723
l 723 721
l 721 718
l 718 716
l 716 714
l 714 712
l 712 710
l 710 708
l 708 705
l 705 703
l 703 701
l 701 699
l 725 726
l 704 706
l 706 707
l 707 709
l 709 711
l 711 713
l 713 715
l 715 717
l 717 719
l 719 720
l 720 722
l 722 724
l 724 726
l 704 702
l 702 700
l 700 698
l 699 698
l 754 752
l 752 750
l 750 747
l 747 745
l 745 743
l 743 741
l 741 739
l 739 737
l 737 734
l 734 732
l 732 730
l 730 728
l 754 755
l 733 735
l 735 736
l 736 738
l 738 740
l 740 742
l 742 744
l 744 746
l 746 748
l 748 749
l 749 751
l 751 753
l 753 755
l 733 731
l 731 729
l 729 727
l 728 727
l 783 781
l 781 779
l 779 776
l 776 774
l 774 772
l 772 770
l 770 768
l 768 766
l 766 763
l 763 761
l 761 759
l 759 757
l 783 784
l 762 764
l 764 765
l 765 767
l 767 769
l 769 771
l 771 773
l 773 775
l 775 777
l 777 778
l 778 780
l 780 782
l 782 784
l 762 760
l 760 758
l 758 756
l 757 756
l 812 810
l 810 808
l 808 805
l 805 803
l 803 801
l 801 799
l 799 797
l 797 795
l 795 792
l 792 790
l 790 788
l 788 786
l 812 813
l 791 793
l 793 794
l 794 796
l 796 798
l 798 800
l 800 802
l 802 804
l 804 806
l 806 807
l 807 809
l 809 811
l 811 813
l 791 789
l 789 787
l 787 785
l 786 785
l 841 839
l 839 837
l 837 834
l 834 832
l 832 830
l 830 828
l 828 826
l 826 824
l 824 821
l 821 819
l 819 817
l 817 815
l 841 842
l 820 822
l 822 823
l 823 825
l 825 827
l 827 829
l 829 831
l 831 833
l 833 835
l 835 836
l 836 838
l 838 840
l 840 842
l 820 818
l 818 816
l 816 814
l 815 814
l 870 868
l 868 866
l 866 863
l 863 861
l 861 859
l 859 857
l 857 855
l 855 853
l 853 850
l 850 848
l 848 846
l 846 844
l 870 871
l 849 851
l 851 852
l 852 854
l 854 856
l 856 858
l 858 860
l 860 862
l 862 864
l 864 865
l 865 867
l 867 869
l 869 871
l 849 847
l 847 845
l 845 843
l 844 843
l 872 873
l 874 872
l 879 874
l 879 873
l 558 896
l 896 898
l 898 900
l 900 902
l 902 904
l 904 881
l 881 882
l 882 906
l 906 907
l 907 908
l 908 885
l 885 546
l 585 909
l 909 910
l 910 911
l 911 877
l 877 878
l 878 880
l 880 905
l 905 903
l 903 901
l 901 899
l 899 897
l 897 573
l 639 913
l 913 883
l 883 884
l 884 895
l 895 894
l 894 893
l 893 892
l 892 891
l 891 915
l 915 916
l 916 918
l 918 627
l 612 912
l 912 917
l 917 914
l 914 890
l 890 889
l 889 888
l 888 887
l 887 886
l 886 875
l 875 876
l 876 919
l 919 600
l 921 920
l 88 927
l 927 929
l 929 931
l 931 933
l 933 924
l 924 923
l 923 922
l 922 920
l 102 925
l 935 925
l 69 935
l 938 937
l 937 936
l 936 934
l 934 932
l 932 930
l 930 928
l 928 926
l 926 84
l 939 938
l 921 939
l 117 957
l 957 955
l 955 953
l 953 950
l 950 941
l 941 940
l 940 949
l 949 948
l 948 947
l 947 946
l 946 945
l 945 139
l 143 961
l 961 960
l 960 959
l 959 958
l 958 944
l 944 943
l 943 942
l 942 951
l 951 952
l 952 954
l 954 956
l 956 165
l 963 965
l 968 965
l 968 971
l 972 971
l 972 969
l 970 969
l 970 973
l 974 973
l 974 967
l 966 967
l 976 966
l 977 976
l 977 975
l 964 975
l 964 962
l 963 962
l 978 980
l 978 979
l 979 981
l 981 980
l 982 983
l 983 985
l 985 984
l 984 982
l 986 987
l 987 989
l 989 988
l 986 988
l 990 986
l 988 991
l 990 991
l 992 990
l 991 993
l 992 993
l 965 995
l 997 995
l 997 1000
l 999 1000
l 998 999
l 1001 998
l 1001 996
l 994 996
l 994 968
l 1002 1003
l 1005 1002
l 1010 1005
l 1010 1003
l 195 1014
l 1014 1015
l 1015 1016
l 1016 1017
l 1017 1018
l 1018 1019
l 1019 1020
l 1020 1021
l 1021 1004
l 1004 1006
l 1006 1007
l 1007 169
l 368 1023
l 1023 1024
l 1024 1025
l 1025 1008
l 1008 1009
l 1009 1011
l 1011 1012
l 1012 1013
l 1013 1026
l 1026 1027
l 1027 1022
l 1022 346
l 1028 1030
l 1028 1029
l 1029 1031
l 1031 1030
l 1032 1033
l 1033 1035
l 1035 1034
l 1034 1032
l 1036 1037
l 1037 1039
l 1039 1038
l 1036 1038
l 1040 1036
l 1038 1041
l 1040 1041
l 1042 1040
l 1041 1043
l 1042 1043
l 1028 1037
l 1042 1033
l 1032 970
l 969 1029
l 1045 1044
l 1047 1045
l 1049 1047
l 1049 1048
l 1046 1048
l 1044 1046
l 1052 1050
l 1050 1055
l 1055 1051
l 1051 1053
l 1054 1053
l 1054 1052
l 1056 1058
l 1057 1056
l 1060 1057
l 1060 1061
l 1059 1061
l 1058 1059
l 1064 1062
l 1062 1067
l 1067 1063
l 1063 1065
l 1066 1065
l 1066 1064
l 1069 1068
l 1071 1069
l 1073 1071
l 1073 1072
l 1070 1072
l 1068 1070
l 1076 1074
l 1074 1079
l 1079 1075
l 1075 1077
l 1078 1077
l 1078 1076
l 1080 1082
l 1081 1080
l 1084 1081
l 1084 1085
l 1083 1085
l 1082 1083
l 1088 1086
l 1086 1091
l 1091 1087
l 1087 1089
l 1090 1089
l 1090 1088
l 1092 1058
l 1101 1099
l 1099 1097
l 1097 1096
l 1096 1095
l 1095 1094
l 1094 1093
l 1093 1092
l 1056 1098
l 1098 1100
l 1100 1101
l 1109 1102
l 1102 1104
l 1104 1050
l 1111 1110
l 1110 1108
l 1108 1107
l 1107 1106
l 1106 1105
l 1105 1103
l 1103 1109
l 1055 1111
l 1112 1082
l 1121 1119
l 1119 1117
l 1117 1116
l 1116 1115
l 1115 1114
l 1114 1113
l 1113 1112
l 1080 1118
l 1118 1120
l 1120 1121
l 1129 1122
l 1122 1124
l 1124 1074
l 1131 1130
l 1130 1128
l 1128 1127
l 1127 1126
l 1126 1125
l 1125 1123
l 1123 1129
l 1079 1131
l 1134 1132
l 1133 1132
l 1135 1133
l 1134 1135
l 1136 1044
l 1145 1143
l 1143 1141
l 1141 1140
l 1140 1139
l 1139 1138
l 1138 1137
l 1137 1136
l 1045 1142
l 1142 1144
l 1144 1145
l 1153 1146
l 1146 1148
l 1148 1062
l 1155 1154
l 1154 1152
l 1152 1151
l 1151 1150
l 1150 1149
l 1149 1147
l 1147 1153
l 1067 1155
l 1156 1068
l 1165 1163
l 1163 1161
l 1161 1160
l 1160 1159
l 1159 1158
l 1158 1157
l 1157 1156
l 1069 1162
l 1162 1164
l 1164 1165
l 1173 1166
l 1166 1168
l 1168 1086
l 1175 1174
l 1174 1172
l 1172 1171
l 1171 1170
l 1170 1169
l 1169 1167
l 1167 1173
l 1091 1175
l 1177 1176
l 1179 1177
l 1178 1179
l 1176 1178
l 1180 1181
l 1181 1183
l 1183 1185
l 1184 1185
l 1184 1182
l 1182 1180
l 1185 1186
l 1187 1186
l 1187 1184
l 1186 1189
l 1188 1189
l 1188 1187
l 1189 1190
l 1191 1190
l 1191 1188
l 1190 1193
l 1192 1193
l 1192 1191
l 1193 1195
l 1194 1195
l 1194 1192
l 1195 1197
l 1197 1199
l 1198 1199
l 1198 1196
l 1196 1194
l 1199 1181
l 1180 1198
l 925 1204
l 1204 1202
l 1202 966
l 967 1208
l 1208 1210
l 1210 1002
l 1003 1213
l 1213 1215
l 1215 872
l 873 1219
l 1219 1207
l 1207 935
l 1217 1216
l 1216 1214
l 1214 1212
l 1212 1211
l 1211 1209
l 1209 1200
l 1200 1201
l 1201 1203
l 1203 1205
l 1205 1206
l 1206 1218
l 1218 1217
l 1221 1220
l 1221 1223
l 1223 1225
l 1225 1227
l 1227 1226
l 1226 1224
l 1224 1222
l 1222 1220
l 1228 1221
l 1220 1229
l 1228 1229
l 1231 1230
l 1231 1233
l 1233 1235
l 1235 1228
l 1229 1234
l 1234 1232
l 1232 1230
l 1236 1238
l 1236 1237
l 1239 1237
l 1239 1132
l 1134 1240
l 1240 1241
l 1241 1231
l 1230 1238
l 1243 1242
l 1243 1245
l 1245 1247
l 1247 1236
l 1238 1246
l 1246 1244
l 1244 1242
l 1248 1243
l 1242 1249
l 1248 1249
l 1251 1250
l 1251 1253
l 1253 1255
l 1255 1248
l 1249 1254
l 1254 1252
l 1252 1250
l 1256 1251
l 1250 1226
l 1227 1259
l 1258 1259
l 1258 1176
l 1178 1257
l 1257 1256
l 1264 1260
l 1260 1261
l 1261 1262
l 1262 1263
l 1263 1271
l 1271 1270
l 1270 1269
l 1269 1268
l 1268 1267
l 1267 1266
l 1266 1265
l 1265 1264
l 1269 1284
l 1284 1282
l 1282 1280
l 1280 1278
l 1278 1276
l 1276 1274
l 1274 1272
l 1272 1193
l 1195 1273
l 1273 1275
l 1275 1277
l 1277 1279
l 1279 1281
l 1281 1283
l 1283 1285
l 1285 1270
l 1199 1296
l 1296 1295
l 1295 1294
l 1294 1293
l 1293 1292
l 1292 1291
l 1291 1290
l 1290 1263
l 1267 1307
l 1307 1306
l 1306 1305
l 1305 1304
l 1304 1303
l 1303 1302
l 1302 1300
l 1300 1190
l 1181 1308
l 1308 1309
l 1309 1311
l 1311 1310
l 1310 1312
l 1312 1313
l 1313 1314
l 1314 1262
l 1266 1315
l 1315 1317
l 1317 1316
l 1316 1318
l 1318 1319
l 1319 1321
l 1321 1320
l 1320 1189
l 1185 1332
l 1332 1331
l 1331 1330
l 1330 1329
l 1329 1328
l 1328 1327
l 1327 1326
l 1326 1260
l 1264 1343
l 1343 1334
l 1334 1335
l 1335 1337
l 1337 1342
l 1342 1341
l 1341 1340
l 1340 1186
l 1205 1354
l 1354 1353
l 1353 1351
l 1351 1350
l 1350 1348
l 1348 1346
l 1346 1345
l 1345 1184
l 1180 1361
l 1361 1360
l 1360 1359
l 1359 1358
l 1358 1357
l 1357 1356
l 1356 1355
l 1355 1201
l 1198 1362
l 1362 1363
l 1363 1365
l 1365 1364
l 1364 1366
l 1366 1367
l 1367 1368
l 1368 1200
l 1206 1369
l 1369 1371
l 1371 1370
l 1370 1372
l 1372 1373
l 1373 1375
l 1375 1374
l 1374 1187
l 1194 1386
l 1386 1385
l 1385 1384
l 1384 1383
l 1383 1382
l 1382 1381
l 1381 1380
l 1380 1211
l 1217 1397
l 1397 1396
l 1396 1395
l 1395 1394
l 1394 1393
l 1393 1392
l 1392 1390
l 1390 1188
l 1192 1398
l 1398 1399
l 1399 1401
l 1401 1400
l 1400 1402
l 1402 1403
l 1403 1404
l 1404 1212
l 1216 1405
l 1405 1407
l 1407 1406
l 1406 1408
l 1408 1409
l 1409 1411
l 1411 1410
l 1410 1191
l 1416 1417
l 1417 1419
l 1419 1421
l 1421 1423
l 1422 1423
l 1416 1418
l 1418 1420
l 1420 1422
l 1424 1425
l 1425 1427
l 1427 1429
l 1429 1431
l 1431 1430
l 1424 1426
l 1426 1428
l 1428 1430
l 1433 1432
l 1433 1435
l 1435 1434
l 1432 1434
l 1437 1179
l 1177 1436
l 1436 1438
l 1438 1439
l 1439 1437
l 1440 1441
l 1441 1443
l 1443 1442
l 1440 1442
l 1444 1446
l 1444 1445
l 1445 1447
l 1446 1447
l 1450 1448
l 1448 1449
l 1449 1451
l 1451 1453
l 1453 1452
l 1452 1450
l 1456 1454
l 1454 1455
l 1455 1457
l 1456 1457
l 1458 1459
l 1459 1461
l 1461 1463
l 1463 1465
l 1465 1464
l 1458 1460
l 1460 1462
l 1462 1464
l 1466 1467
l 1467 1469
l 1469 1471
l 1471 1473
l 1472 1473
l 1466 1468
l 1468 1470
l 1470 1472
l 1455 1425
l 1475 1424
l 1475 1474
l 1457 1474
l 1444 1473
l 1446 1476
l 1477 1476
l 1477 1472
l 1443 1459
l 1478 1458
l 1478 1479
l 1442 1479
l 1433 1423
l 1432 1480
l 1481 1480
l 1481 1422
l 1482 1173
l 1482 1483
l 1483 1484
l 1484 1088
l 1165 1487
l 1071 1485
l 1485 1486
l 1486 1487
l 1121 1490
l 1081 1488
l 1488 1489
l 1489 1490
l 1491 1129
l 1491 1492
l 1492 1493
l 1493 1076
l 1494 1153
l 1494 1495
l 1495 1496
l 1496 1064
l 1145 1499
l 1047 1497
l 1497 1498
l 1498 1499
l 1101 1502
l 1057 1500
l 1500 1501
l 1501 1502
l 1503 1109
l 1503 1504
l 1504 1505
l 1505 1052
l 1111 1506
l 1051 1506
l 1507 1135
l 1133 1508
l 1508 1510
l 1510 1509
l 1509 1507
l 1511 1136
l 1511 1046
l 1131 1512
l 1075 1512
l 1515 1513
l 1513 1514
l 1514 1516
l 1516 1518
l 1518 1517
l 1517 1515
l 1519 1156
l 1519 1070
l 1175 1520
l 1087 1520
l 1523 1521
l 1521 1526
l 1526 1522
l 1522 1524
l 1524 1525
l 1525 1523
l 1527 1112
l 1527 1083
l 1155 1528
l 1063 1528
l 1531 1529
l 1529 1534
l 1534 1530
l 1530 1532
l 1532 1533
l 1533 1531
l 1535 1092
l 1535 1059
l 1439 1480
l 1479 1438
l 1477 1543
l 1543 1542
l 1542 1538
l 1538 1537
l 1537 1541
l 1541 1478
l 1452 1476
l 1474 1453
l 1481 1536
l 1536 1545
l 1545 1539
l 1539 1540
l 1540 1544
l 1544 1475
l 1457 1546
l 1453 1547
l 1547 1546
l 1442 1548
l 1438 1549
l 1549 1548
l 1562 1561
l 1561 1560
l 1560 1458
l 1562 1559
l 1559 1558
l 1554 1553
l 1553 1552
l 1552 1551
l 1551 1550
l 1550 1557
l 1557 1558
l 1554 1555
l 1555 1556
l 1472 1564
l 1564 1563
l 1563 1556
l 1241 1575
l 785 1577
l 1577 1576
l 1576 1575
l 791 1578
l 1578 1579
l 1579 1580
l 1580 1581
l 1581 1571
l 1571 1570
l 1570 1582
l 1582 1583
l 756 1569
l 1569 1568
l 1568 1583
l 762 1585
l 1585 1584
l 1584 1572
l 1572 1573
l 1573 1574
l 1574 1586
l 1586 1589
l 1589 1590
l 814 1587
l 1587 1588
l 1588 1590
l 820 1554
l 1558 1567
l 843 1565
l 1565 1566
l 1566 1567
l 849 1259
l 1591 1446
l 1591 1592
l 1592 1452
l 1061 1532
l 1532 1594
l 1594 1593
l 1059 1593
l 1595 1509
l 1509 1053
l 1596 1051
l 1596 1595
l 1085 1524
l 1524 1598
l 1598 1597
l 1083 1597
l 1599 1517
l 1517 1077
l 1600 1075
l 1600 1599
l 1464 1611
l 1611 1609
l 1609 1608
l 1608 1605
l 1605 1603
l 1603 1601
l 1601 1440
l 1465 1612
l 1612 1610
l 1610 1607
l 1607 1606
l 1606 1604
l 1604 1602
l 1602 1441
l 1548 1613
l 1613 1614
l 1614 1562
l 1447 1625
l 1625 1623
l 1623 1622
l 1622 1619
l 1619 1617
l 1617 1616
l 1616 1466
l 1445 1626
l 1626 1624
l 1624 1621
l 1621 1620
l 1620 1618
l 1618 1615
l 1615 1467
l 1556 1627
l 1627 1628
l 1628 1591
l 1549 1629
l 1629 1630
l 1630 1631
l 1631 1559
l 1555 1632
l 1632 1633
l 1633 1634
l 1634 1592
l 1502 1640
l 1640 1639
l 1639 1638
l 1638 1637
l 1637 1636
l 1636 1635
l 1635 1535
l 1593 1641
l 1641 1642
l 1642 1643
l 1643 1644
l 1644 1645
l 1645 1057
l 1506 1651
l 1651 1650
l 1650 1649
l 1649 1648
l 1648 1647
l 1647 1646
l 1646 1503
l 1052 1652
l 1652 1653
l 1653 1654
l 1654 1655
l 1655 1656
l 1656 1596
l 1594 1657
l 1657 1658
l 1658 1659
l 1659 1660
l 1643 1660
l 1661 1654
l 1661 1662
l 1662 1663
l 1663 1664
l 1664 1595
l 1054 1667
l 1667 1666
l 1666 1665
l 1665 1668
l 1668 1669
l 1669 1060
l 1660 1582
l 1578 1661
l 1670 1672
l 1670 1671
l 1671 1674
l 1674 1676
l 1676 1599
l 1672 1673
l 1673 1675
l 1675 1600
l 1598 1677
l 1677 1679
l 1679 1681
l 1681 1683
l 1682 1683
l 1597 1678
l 1678 1680
l 1680 1682
l 1078 1686
l 1686 1685
l 1685 1684
l 1684 1687
l 1687 1688
l 1688 1084
l 1682 1690
l 1690 1689
l 1689 1081
l 1683 1589
l 1585 1670
l 1076 1692
l 1692 1691
l 1691 1672
l 1490 1698
l 1698 1697
l 1697 1696
l 1696 1695
l 1695 1694
l 1694 1693
l 1693 1527
l 1512 1704
l 1704 1703
l 1703 1702
l 1702 1701
l 1701 1700
l 1700 1699
l 1699 1491
l 1515 1530
l 1534 1513
l 1450 1522
l 1526 1448
l 1258 1436
l 1507 1240
l 813 1705
l 1705 1706
l 1706 1707
l 1707 1708
l 1708 1709
l 1709 1710
l 1710 1711
l 1711 1712
l 1712 1713
l 1713 1714
l 1714 1715
l 1715 1575
l 871 1716
l 1716 1717
l 1717 1718
l 1718 1719
l 1719 1720
l 1720 1721
l 1721 1722
l 1722 1723
l 1723 1724
l 1724 1725
l 1725 1726
l 1726 1567
l 842 1727
l 1727 1728
l 1728 1729
l 1729 1730
l 1730 1731
l 1731 1732
l 1732 1733
l 1733 1734
l 1734 1735
l 1735 1736
l 1736 1737
l 1737 1590
l 784 1738
l 1738 1739
l 1739 1740
l 1740 1741
l 1741 1742
l 1742 1743
l 1743 1744
l 1744 1745
l 1745 1746
l 1746 1747
l 1747 1748
l 1748 1583
l 844 1759
l 1759 1758
l 1758 1757
l 1757 1756
l 1756 1755
l 1755 1754
l 1754 1753
l 1753 1752
l 1752 1751
l 1751 1750
l 1750 1749
l 1749 870
l 815 1770
l 1770 1769
l 1769 1768
l 1768 1767
l 1767 1766
l 1766 1765
l 1765 1764
l 1764 1763
l 1763 1762
l 1762 1761
l 1761 1760
l 1760 841
l 786 1781
l 1781 1780
l 1780 1779
l 1779 1778
l 1778 1777
l 1777 1776
l 1776 1775
l 1775 1774
l 1774 1773
l 1773 1772
l 1772 1771
l 1771 812
l 757 1792
l 1792 1791
l 1791 1790
l 1790 1789
l 1789 1788
l 1788 1787
l 1787 1786
l 1786 1785
l 1785 1784
l 1784 1783
l 1783 1782
l 1782 783
l 1793 1063
l 1793 1794
l 1794 1533
l 1533 1065
l 1066 1803
l 1803 1801
l 1801 1799
l 1799 1807
l 1807 1809
l 1809 1049
l 1814 1813
l 1813 1812
l 1812 1047
l 1814 1811
l 1811 1810
l 1804 1802
l 1802 1800
l 1800 1798
l 1798 1797
l 1797 1808
l 1808 1810
l 1804 1805
l 1805 1806
l 1064 1795
l 1795 1796
l 1796 1806
l 1815 1087
l 1815 1816
l 1816 1525
l 1525 1089
l 1090 1825
l 1825 1823
l 1823 1821
l 1821 1829
l 1829 1831
l 1831 1073
l 1836 1835
l 1835 1834
l 1834 1071
l 1836 1833
l 1833 1832
l 1826 1824
l 1824 1822
l 1822 1820
l 1820 1819
l 1819 1830
l 1830 1832
l 1826 1827
l 1827 1828
l 1088 1817
l 1817 1818
l 1818 1828
l 1256 1844
l 669 1846
l 1846 1845
l 1845 1844
l 675 1847
l 1847 1848
l 1848 1849
l 1849 1850
l 1850 1843
l 1843 1842
l 1842 1851
l 1851 1852
l 640 1841
l 1841 1840
l 1840 1852
l 646 1826
l 1832 1855
l 698 1853
l 1853 1854
l 1854 1855
l 704 1804
l 1810 1839
l 727 1837
l 1837 1838
l 1838 1839
l 733 1237
l 1046 1856
l 1048 1510
l 1510 1857
l 1857 1856
l 1858 1432
l 1858 1859
l 1859 1439
l 1070 1860
l 1072 1518
l 1518 1861
l 1861 1860
l 1499 1867
l 1867 1866
l 1866 1865
l 1865 1864
l 1864 1863
l 1863 1862
l 1862 1511
l 1856 1868
l 1868 1869
l 1869 1814
l 1528 1875
l 1875 1874
l 1874 1873
l 1873 1872
l 1872 1871
l 1871 1870
l 1870 1494
l 1806 1876
l 1876 1877
l 1877 1793
l 1857 1878
l 1878 1879
l 1879 1880
l 1880 1811
l 1805 1881
l 1881 1882
l 1882 1883
l 1883 1794
l 1430 1894
l 1894 1892
l 1892 1891
l 1891 1888
l 1888 1886
l 1886 1884
l 1884 1456
l 1431 1895
l 1895 1893
l 1893 1890
l 1890 1889
l 1889 1887
l 1887 1885
l 1885 1454
l 1546 1896
l 1896 1897
l 1897 1898
l 1898 1899
l 1899 1900
l 1900 1424
l 1434 1911
l 1911 1909
l 1909 1908
l 1908 1905
l 1905 1903
l 1903 1902
l 1902 1416
l 1435 1912
l 1912 1910
l 1910 1907
l 1907 1906
l 1906 1904
l 1904 1901
l 1901 1417
l 1422 1913
l 1913 1914
l 1914 1915
l 1915 1916
l 1916 1917
l 1917 1858
l 1547 1918
l 1918 1919
l 1919 1920
l 1920 1921
l 1898 1921
l 1922 1915
l 1922 1923
l 1923 1924
l 1924 1925
l 1925 1859
l 1921 1851
l 1847 1922
l 1827 1926
l 1926 1928
l 1928 1930
l 1930 1816
l 1828 1927
l 1927 1929
l 1929 1815
l 1861 1931
l 1931 1933
l 1933 1935
l 1935 1833
l 1860 1932
l 1932 1934
l 1934 1836
l 1487 1941
l 1941 1940
l 1940 1939
l 1939 1938
l 1938 1937
l 1937 1936
l 1936 1519
l 1520 1947
l 1947 1946
l 1946 1945
l 1945 1944
l 1944 1943
l 1943 1942
l 1942 1482
l 1523 1451
l 1449 1521
l 1531 1516
l 1514 1529
l 1239 1508
l 1437 1257
l 697 1948
l 1948 1949
l 1949 1950
l 1950 1951
l 1951 1952
l 1952 1953
l 1953 1954
l 1954 1955
l 1955 1956
l 1956 1957
l 1957 1958
l 1958 1844
l 755 1959
l 1959 1960
l 1960 1961
l 1961 1962
l 1962 1963
l 1963 1964
l 1964 1965
l 1965 1966
l 1966 1967
l 1967 1968
l 1968 1969
l 1969 1839
l 726 1970
l 1970 1971
l 1971 1972
l 1972 1973
l 1973 1974
l 1974 1975
l 1975 1976
l 1976 1977
l 1977 1978
l 1978 1979
l 1979 1980
l 1980 1855
l 668 1981
l 1981 1982
l 1982 1983
l 1983 1984
l 1984 1985
l 1985 1986
l 1986 1987
l 1987 1988
l 1988 1989
l 1989 1990
l 1990 1991
l 1991 1852
l 728 2002
l 2002 2001
l 2001 2000
l 2000 1999
l 1999 1998
l 1998 1997
l 1997 1996
l 1996 1995
l 1995 1994
l 1994 1993
l 1993 1992
l 1992 754
l 699 2013
l 2013 2012
l 2012 2011
l 2011 2010
l 2010 2009
l 2009 2008
l 2008 2007
l 2007 2006
l 2006 2005
l 2005 2004
l 2004 2003
l 2003 725
l 670 2024
l 2024 2023
l 2023 2022
l 2022 2021
l 2021 2020
l 2020 2019
l 2019 2018
l 2018 2017
l 2017 2016
l 2016 2015
l 2015 2014
l 2014 696
l 641 2035
l 2035 2034
l 2034 2033
l 2033 2032
l 2032 2031
l 2031 2030
l 2030 2029
l 2029 2028
l 2028 2027
l 2027 2026
l 2026 2025
l 2025 667
l 626 2046
l 2046 2045
l 2045 2044
l 2044 2043
l 2043 2042
l 2042 2041
l 2041 2040
l 2040 2039
l 2039 2038
l 2038 2037
l 2037 2036
l 2036 613
l 599 2057
l 2057 2056
l 2056 2055
l 2055 2054
l 2054 2053
l 2053 2052
l 2052 2051
l 2051 2050
l 2050 2049
l 2049 2048
l 2048 2047
l 2047 586
l 973 1034
l 1031 972
l 982 964
l 962 984
l 975 979
l 981 977
l 992 983
l 993 985
l 978 987
l 980 989
l 1043 1035
l 1030 1039
l 2058 994
l 971 2058
l 995 2059
l 2059 963
l 1001 2060
l 2060 2061
l 996 2061
l 1000 2062
l 997 2063
l 2063 2062
l 2061 2058
l 2064 2060
l 2067 2064
l 2062 2067
l 2059 2063
l 976 2076
l 2076 2077
l 2077 921
l 939 2078
l 2078 2079
l 2079 879
l 874 2093
l 2093 2091
l 2091 1010
l 1005 2102
l 2102 2103
l 2103 974
l 396 2121
l 2121 2119
l 2119 2117
l 2117 2098
l 2098 2097
l 2097 2092
l 2092 2094
l 2094 2095
l 2095 2096
l 2096 2123
l 2123 2109
l 2109 384
l 423 2104
l 2104 2105
l 2105 2106
l 2106 2107
l 2107 2108
l 2108 2101
l 2101 2100
l 2100 2099
l 2099 2118
l 2118 2120
l 2120 2122
l 2122 411
l 450 2129
l 2129 2127
l 2127 2125
l 2125 2116
l 2116 2115
l 2115 2114
l 2114 2113
l 2113 2112
l 2112 2111
l 2111 2110
l 2110 2080
l 2080 438
l 477 2065
l 2065 2066
l 2066 2068
l 2068 2069
l 2069 2070
l 2070 2131
l 2131 2132
l 2132 2124
l 2124 2126
l 2126 2128
l 2128 2130
l 2130 465
l 504 2134
l 2134 2136
l 2136 2138
l 2138 2088
l 2088 2087
l 2087 2086
l 2086 2085
l 2085 2084
l 2084 2083
l 2083 2082
l 2082 2081
l 2081 492
l 531 2071
l 2071 2072
l 2072 2073
l 2073 2074
l 2074 2075
l 2075 2139
l 2139 2090
l 2090 2089
l 2089 2137
l 2137 2135
l 2135 2133
l 2133 519
l 938 2140
l 2140 2141
l 2141 2142
l 2142 2143
l 2143 2144
l 2144 2145
l 2145 57
l 114 2146
l 2146 2147
l 2147 2148
l 2148 2149
l 2149 2150
l 2150 2151
l 2151 920
l 998 2064
l 999 2067
l 572 2162
l 2162 2161
l 2161 2160
l 2160 2159
l 2159 2158
l 2158 2157
l 2157 2156
l 2156 2155
l 2155 2154
l 2154 2153
l 2153 2152
l 2152 559
l 545 2173
l 2173 2172
l 2172 2171
l 2171 2170
l 2170 2169
l 2169 2168
l 2168 2167
l 2167 2166
l 2166 2165
l 2165 2164
l 2164 2163
l 2163 532
l 518 2184
l 2184 2183
l 2183 2182
l 2182 2181
l 2181 2180
l 2180 2179
l 2179 2178
l 2178 2177
l 2177 2176
l 2176 2175
l 2175 2174
l 2174 505
l 491 2195
l 2195 2194
l 2194 2193
l 2193 2192
l 2192 2191
l 2191 2190
l 2190 2189
l 2189 2188
l 2188 2187
l 2187 2186
l 2186 2185
l 2185 478
l 464 2206
l 2206 2205
l 2205 2204
l 2204 2203
l 2203 2202
l 2202 2201
l 2201 2200
l 2200 2199
l 2199 2198
l 2198 2197
l 2197 2196
l 2196 451
l 437 2217
l 2217 2216
l 2216 2215
l 2215 2214
l 2214 2213
l 2213 2212
l 2212 2211
l 2211 2210
l 2210 2209
l 2209 2208
l 2208 2207
l 2207 424
l 410 2228
l 2228 2227
l 2227 2226
l 2226 2225
l 2225 2224
l 2224 2223
l 2223 2222
l 2222 2221
l 2221 2220
l 2220 2219
l 2219 2218
l 2218 397
l 383 2239
l 2239 2238
l 2238 2237
l 2237 2236
l 2236 2235
l 2235 2234
l 2234 2233
l 2233 2232
l 2232 2231
l 2231 2230
l 2230 2229
l 2229 370
l 344 2250
l 2250 2249
l 2249 2248
l 2248 2247
l 2247 2246
l 2246 2245
l 2245 2244
l 2244 2243
l 2243 2242
l 2242 2241
l 2241 2240
l 2240 369
l 199 2256
l 2256 2255
l 2255 2254
l 2254 2253
l 2253 2252
l 2252 2251
l 2251 2257
l 2257 2258
l 2258 2259
l 2259 2260
l 2260 2261
l 2261 257
l 197 2262
l 2262 2263
l 2263 2264
l 2264 2265
l 2265 2266
l 2266 2267
l 2267 2268
l 2268 2269
l 2269 2270
l 2270 2271
l 2271 2272
l 2272 256
l 167 2308
l 2308 2307
l 2307 2306
l 2306 2305
l 2305 2304
l 2304 2303
l 2303 2302
l 2302 2301
l 2301 2300
l 2300 2299
l 2299 2298
l 2298 2297
l 2297 2296
l 2296 2295
l 2295 2294
l 2294 196
l 141 2320
l 2320 2319
l 2319 2318
l 2318 2317
l 2317 2316
l 2316 2315
l 2315 2314
l 2314 2313
l 2313 2312
l 2312 2311
l 2311 2310
l 2310 166
l 115 2331
l 2331 2330
l 2330 2329
l 2329 2328
l 2328 2327
l 2327 2326
l 2326 2325
l 2325 2324
l 2324 2323
l 2323 2322
l 2322 2321
l 2321 140
l 86 2342
l 2342 2341
l 2341 2340
l 2340 2339
l 2339 2338
l 2338 2337
l 2337 2336
l 2336 2335
l 2335 2334
l 2334 2333
l 2333 2332
l 2332 113
l 58 2353
l 2353 2352
l 2352 2351
l 2351 2350
l 2350 2349
l 2349 2348
l 2348 2347
l 2347 2346
l 2346 2345
l 2345 2344
l 2344 2343
l 2343 85
l 2356 2354
l 2354 2355
l 2355 2359
l 2359 2360
l 2360 2362
l 2362 2364
l 2364 2367
l 2367 2368
l 2368 2370
l 2370 2373
l 2373 2374
l 2374 2376
l 2376 2379
l 2378 2379
l 2356 2357
l 2357 2358
l 2358 2361
l 2361 2363
l 2363 2365
l 2365 2366
l 2366 2369
l 2369 2371
l 2371 2372
l 2372 2375
l 2375 2377
l 2377 2378
l 2379 2389
l 2389 2387
l 2387 2385
l 2385 2383
l 2383 2381
l 2381 2390
l 2390 2380
l 2380 2382
l 2382 2384
l 2384 2386
l 2386 2388
l 2388 2354
l 2378 2399
l 2399 2397
l 2397 2395
l 2395 2393
l 2393 2391
l 2391 2401
l 2401 2392
l 2392 2394
l 2394 2396
l 2396 2398
l 2398 2400
l 2400 2356
l 2404 2402
l 2402 2403
l 2403 2407
l 2407 2408
l 2408 2410
l 2410 2412
l 2412 2415
l 2415 2416
l 2416 2418
l 2418 2421
l 2421 2422
l 2422 2424
l 2424 2427
l 2426 2427
l 2404 2405
l 2405 2406
l 2406 2409
l 2409 2411
l 2411 2413
l 2413 2414
l 2414 2417
l 2417 2419
l 2419 2420
l 2420 2423
l 2423 2425
l 2425 2426
l 2427 2437
l 2437 2435
l 2435 2433
l 2433 2431
l 2431 2429
l 2429 2438
l 2438 2428
l 2428 2430
l 2430 2432
l 2432 2434
l 2434 2436
l 2436 2402
l 2426 2447
l 2447 2445
l 2445 2443
l 2443 2441
l 2441 2439
l 2439 2449
l 2449 2440
l 2440 2442
l 2442 2444
l 2444 2446
l 2446 2448
l 2448 2404
l 2452 2450
l 2450 2451
l 2451 2455
l 2455 2456
l 2456 2458
l 2458 2460
l 2460 2463
l 2463 2464
l 2464 2466
l 2466 2469
l 2469 2470
l 2470 2472
l 2472 2475
l 2474 2475
l 2452 2453
l 2453 2454
l 2454 2457
l 2457 2459
l 2459 2461
l 2461 2462
l 2462 2465
l 2465 2467
l 2467 2468
l 2468 2471
l 2471 2473
l 2473 2474
l 2475 2485
l 2485 2483
l 2483 2481
l 2481 2479
l 2479 2477
l 2477 2486
l 2486 2476
l 2476 2478
l 2478 2480
l 2480 2482
l 2482 2484
l 2484 2450
l 2474 2495
l 2495 2493
l 2493 2491
l 2491 2489
l 2489 2487
l 2487 2497
l 2497 2488
l 2488 2490
l 2490 2492
l 2492 2494
l 2494 2496
l 2496 2452
l 2500 2498
l 2498 2499
l 2499 2503
l 2503 2504
l 2504 2506
l 2506 2508
l 2508 2511
l 2511 2512
l 2512 2514
l 2514 2517
l 2517 2518
l 2518 2520
l 2520 2523
l 2522 2523
l 2500 2501
l 2501 2502
l 2502 2505
l 2505 2507
l 2507 2509
l 2509 2510
l 2510 2513
l 2513 2515
l 2515 2516
l 2516 2519
l 2519 2521
l 2521 2522
l 2523 2533
l 2533 2531
l 2531 2529
l 2529 2527
l 2527 2525
l 2525 2534
l 2534 2524
l 2524 2526
l 2526 2528
l 2528 2530
l 2530 2532
l 2532 2498
l 2522 2543
l 2543 2541
l 2541 2539
l 2539 2537
l 2537 2535
l 2535 2545
l 2545 2536
l 2536 2538
l 2538 2540
l 2540 2542
l 2542 2544
l 2544 2500
l 2548 2546
l 2546 2547
l 2547 2551
l 2551 2552
l 2552 2554
l 2554 2556
l 2556 2559
l 2559 2560
l 2560 2562
l 2562 2565
l 2565 2566
l 2566 2568
l 2568 2571
l 2570 2571
l 2548 2549
l 2549 2550
l 2550 2553
l 2553 2555
l 2555 2557
l 2557 2558
l 2558 2561
l 2561 2563
l 2563 2564
l 2564 2567
l 2567 2569
l 2569 2570
l 2571 2581
l 2581 2579
l 2579 2577
l 2577 2575
l 2575 2573
l 2573 2582
l 2582 2572
l 2572 2574
l 2574 2576
l 2576 2578
l 2578 2580
l 2580 2546
l 2570 2591
l 2591 2589
l 2589 2587
l 2587 2585
l 2585 2583
l 2583 2593
l 2593 2584
l 2584 2586
l 2586 2588
l 2588 2590
l 2590 2592
l 2592 2548
l 2596 2594
l 2594 2595
l 2595 2599
l 2599 2600
l 2600 2602
l 2602 2604
l 2604 2607
l 2607 2608
l 2608 2610
l 2610 2613
l 2613 2614
l 2614 2616
l 2616 2619
l 2618 2619
l 2596 2597
l 2597 2598
l 2598 2601
l 2601 2603
l 2603 2605
l 2605 2606
l 2606 2609
l 2609 2611
l 2611 2612
l 2612 2615
l 2615 2617
l 2617 2618
l 2619 2629
l 2629 2627
l 2627 2625
l 2625 2623
l 2623 2621
l 2621 2630
l 2630 2620
l 2620 2622
l 2622 2624
l 2624 2626
l 2626 2628
l 2628 2594
l 2618 2639
l 2639 2637
l 2637 2635
l 2635 2633
l 2633 2631
l 2631 2641
l 2641 2632
l 2632 2634
l 2634 2636
l 2636 2638
l 2638 2640
l 2640 2596
l 2644 2642
l 2642 2643
l 2643 2647
l 2647 2648
l 2648 2650
l 2650 2652
l 2652 2655
l 2655 2656
l 2656 2658
l 2658 2661
l 2661 2662
l 2662 2664
l 2664 2667
l 2666 2667
l 2644 2645
l 2645 2646
l 2646 2649
l 2649 2651
l 2651 2653
l 2653 2654
l 2654 2657
l 2657 2659
l 2659 2660
l 2660 2663
l 2663 2665
l 2665 2666
l 2667 2677
l 2677 2675
l 2675 2673
l 2673 2671
l 2671 2669
l 2669 2678
l 2678 2668
l 2668 2670
l 2670 2672
l 2672 2674
l 2674 2676
l 2676 2642
l 2666 2687
l 2687 2685
l 2685 2683
l 2683 2681
l 2681 2679
l 2679 2689
l 2689 2680
l 2680 2682
l 2682 2684
l 2684 2686
l 2686 2688
l 2688 2644
l 2692 2690
l 2690 2691
l 2691 2695
l 2695 2696
l 2696 2698
l 2698 2700
l 2700 2703
l 2703 2704
l 2704 2706
l 2706 2709
l 2709 2710
l 2710 2712
l 2712 2715
l 2714 2715
l 2692 2693
l 2693 2694
l 2694 2697
l 2697 2699
l 2699 2701
l 2701 2702
l 2702 2705
l 2705 2707
l 2707 2708
l 2708 2711
l 2711 2713
l 2713 2714
l 2715 2725
l 2725 2723
l 2723 2721
l 2721 2719
l 2719 2717
l 2717 2726
l 2726 2716
l 2716 2718
l 2718 2720
l 2720 2722
l 2722 2724
l 2724 2690
l 2714 2735
l 2735 2733
l 2733 2731
l 2731 2729
l 2729 2727
l 2727 2737
l 2737 2728
l 2728 2730
l 2730 2732
l 2732 2734
l 2734 2736
l 2736 2692
